supplier_material_id,supplier_id,material_id,unit_price,lead_time_days,moq,is_primary_supplier
SM-00001,SUP-044,MAT-00001,1.89,19,100,Y
SM-00002,SUP-079,MAT-00002,30.18,43,100,Y
SM-00003,SUP-077,MAT-00003,5.4,31,250,Y
SM-00004,SUP-034,MAT-00004,1.78,20,10,Y
SM-00005,SUP-039,MAT-00004,1.84,19,1,N
SM-00006,SUP-069,MAT-00005,3.45,76,100,Y
SM-00007,SUP-067,MAT-00005,3.44,83,100,N
SM-00008,SUP-087,MAT-00006,3.5,12,50,Y
SM-00009,SUP-086,MAT-00006,3.67,9,50,N
SM-00010,SUP-011,MAT-00006,3.32,13,500,N
SM-00011,SUP-091,MAT-00007,6.35,18,50,Y
SM-00012,SUP-096,MAT-00007,5.78,23,10,N
SM-00013,SUP-004,MAT-00007,6.3,26,1,N
SM-00014,SUP-031,MAT-00008,11.84,22,250,Y
SM-00015,SUP-002,MAT-00009,22.79,8,10,Y
SM-00016,SUP-064,MAT-00010,13.64,13,100,Y
SM-00017,SUP-056,MAT-00011,22.51,40,10,Y
SM-00018,SUP-088,MAT-00011,20.27,29,500,N
SM-00019,SUP-017,MAT-00012,2.39,25,500,Y
SM-00020,SUP-043,MAT-00012,2.01,26,25,N
SM-00021,SUP-006,MAT-00013,21.8,12,1,Y
SM-00022,SUP-061,MAT-00014,67.48,16,1,Y
SM-00023,SUP-035,MAT-00015,22.89,5,50,Y
SM-00024,SUP-072,MAT-00015,22.05,7,100,N
SM-00025,SUP-029,MAT-00016,26.44,40,500,Y
SM-00026,SUP-050,MAT-00017,2.76,15,250,Y
SM-00027,SUP-058,MAT-00017,2.85,14,500,N
SM-00028,SUP-020,MAT-00018,23.69,11,25,Y
SM-00029,SUP-086,MAT-00018,23.92,19,50,N
SM-00030,SUP-053,MAT-00019,3.31,13,25,Y
SM-00031,SUP-099,MAT-00019,3.04,14,1,N
SM-00032,SUP-076,MAT-00019,3.43,15,1,N
SM-00033,SUP-015,MAT-00020,4.57,15,250,Y
SM-00034,SUP-089,MAT-00021,14.54,10,100,Y
SM-00035,SUP-015,MAT-00021,13.68,8,10,N
SM-00036,SUP-022,MAT-00021,13.55,9,250,N
SM-00037,SUP-029,MAT-00022,59.7,27,250,Y
SM-00038,SUP-095,MAT-00022,69.61,17,50,N
SM-00039,SUP-089,MAT-00022,66.67,23,50,N
SM-00040,SUP-027,MAT-00023,9.65,16,50,Y
SM-00041,SUP-040,MAT-00023,11.47,18,50,N
SM-00042,SUP-083,MAT-00024,3.39,53,25,Y
SM-00043,SUP-075,MAT-00024,2.93,43,25,N
SM-00044,SUP-046,MAT-00024,3.36,62,25,N
SM-00045,SUP-055,MAT-00025,5.46,9,100,Y
SM-00046,SUP-084,MAT-00025,5.56,13,25,N
SM-00047,SUP-063,MAT-00026,2.11,12,250,Y
SM-00048,SUP-046,MAT-00026,2.16,13,50,N
SM-00049,SUP-070,MAT-00027,6.19,34,100,Y
SM-00050,SUP-001,MAT-00028,5.89,15,250,Y
SM-00051,SUP-056,MAT-00028,6.42,16,500,N
SM-00052,SUP-029,MAT-00029,19.99,16,100,Y
SM-00053,SUP-087,MAT-00029,18.04,17,100,N
SM-00054,SUP-006,MAT-00030,15.8,11,10,Y
SM-00055,SUP-096,MAT-00030,18.21,10,50,N
SM-00056,SUP-058,MAT-00031,32.23,12,1,Y
SM-00057,SUP-078,MAT-00031,32.46,17,250,N
SM-00058,SUP-013,MAT-00032,13.71,60,25,Y
SM-00059,SUP-015,MAT-00032,15.5,55,1,N
SM-00060,SUP-098,MAT-00033,1.5,24,25,Y
SM-00061,SUP-004,MAT-00033,1.32,33,10,N
SM-00062,SUP-018,MAT-00034,25.09,9,10,Y
SM-00063,SUP-051,MAT-00034,28.61,8,500,N
SM-00064,SUP-061,MAT-00035,61.82,12,100,Y
SM-00065,SUP-021,MAT-00035,66.24,13,1,N
SM-00066,SUP-010,MAT-00036,51.89,10,10,Y
SM-00067,SUP-098,MAT-00036,58.52,13,1,N
SM-00068,SUP-033,MAT-00037,16.87,6,250,Y
SM-00069,SUP-070,MAT-00038,6.46,23,500,Y
SM-00070,SUP-041,MAT-00039,5.27,25,50,Y
SM-00071,SUP-024,MAT-00039,5.97,27,100,N
SM-00072,SUP-057,MAT-00040,10.2,8,500,Y
SM-00073,SUP-029,MAT-00040,10.91,5,25,N
SM-00074,SUP-022,MAT-00041,5.07,39,1,Y
SM-00075,SUP-031,MAT-00041,5.26,28,50,N
SM-00076,SUP-006,MAT-00041,5.85,34,25,N
SM-00077,SUP-044,MAT-00042,10.9,17,500,Y
SM-00078,SUP-081,MAT-00043,1.49,20,100,Y
SM-00079,SUP-051,MAT-00044,4.9,27,100,Y
SM-00080,SUP-077,MAT-00044,4.56,22,10,N
SM-00081,SUP-097,MAT-00044,4.66,29,500,N
SM-00082,SUP-065,MAT-00045,11.21,12,100,Y
SM-00083,SUP-057,MAT-00045,10.26,13,250,N
SM-00084,SUP-058,MAT-00046,8.06,18,1,Y
SM-00085,SUP-059,MAT-00047,90.36,16,250,Y
SM-00086,SUP-022,MAT-00047,96.97,17,50,N
SM-00087,SUP-079,MAT-00048,3.86,30,50,Y
SM-00088,SUP-076,MAT-00049,2.2,17,500,Y
SM-00089,SUP-023,MAT-00050,57.74,41,100,Y
SM-00090,SUP-084,MAT-00050,57.81,24,250,N
SM-00091,SUP-040,MAT-00051,1.45,27,50,Y
SM-00092,SUP-045,MAT-00051,1.55,31,250,N
SM-00093,SUP-014,MAT-00051,1.62,36,10,N
SM-00094,SUP-067,MAT-00052,4.7,11,250,Y
SM-00095,SUP-016,MAT-00052,4.53,12,1,N
SM-00096,SUP-100,MAT-00053,19.16,17,100,Y
SM-00097,SUP-065,MAT-00053,20.93,17,25,N
SM-00098,SUP-057,MAT-00054,2.56,15,250,Y
SM-00099,SUP-029,MAT-00055,42.16,12,50,Y
SM-00100,SUP-067,MAT-00055,43.83,12,250,N
SM-00101,SUP-016,MAT-00056,22.56,10,100,Y
SM-00102,SUP-024,MAT-00056,26.76,13,250,N
SM-00103,SUP-056,MAT-00057,1.3,18,10,Y
SM-00104,SUP-016,MAT-00057,1.18,13,25,N
SM-00105,SUP-095,MAT-00058,7.83,8,50,Y
SM-00106,SUP-052,MAT-00058,7.18,8,10,N
SM-00107,SUP-085,MAT-00059,2.6,16,50,Y
SM-00108,SUP-031,MAT-00059,2.65,18,500,N
SM-00109,SUP-034,MAT-00059,2.81,11,10,N
SM-00110,SUP-096,MAT-00060,15.47,10,50,Y
SM-00111,SUP-015,MAT-00060,16.95,10,1,N
SM-00112,SUP-055,MAT-00060,14.39,12,100,N
SM-00113,SUP-074,MAT-00061,9.13,11,250,Y
SM-00114,SUP-041,MAT-00061,8.91,12,250,N
SM-00115,SUP-043,MAT-00061,9.28,13,10,N
SM-00116,SUP-067,MAT-00062,72.4,59,250,Y
SM-00117,SUP-026,MAT-00062,77.33,68,50,N
SM-00118,SUP-017,MAT-00063,15.3,31,500,Y
SM-00119,SUP-085,MAT-00064,13.25,27,500,Y
SM-00120,SUP-019,MAT-00064,11.52,33,25,N
SM-00121,SUP-020,MAT-00065,34.7,12,50,Y
SM-00122,SUP-075,MAT-00065,37.75,15,1,N
SM-00123,SUP-022,MAT-00066,2.15,20,250,Y
SM-00124,SUP-004,MAT-00066,2.14,16,250,N
SM-00125,SUP-069,MAT-00067,6.37,23,10,Y
SM-00126,SUP-059,MAT-00068,0.67,58,10,Y
SM-00127,SUP-059,MAT-00069,14.25,13,50,Y
SM-00128,SUP-079,MAT-00070,2.71,41,1,Y
SM-00129,SUP-090,MAT-00070,2.96,33,250,N
SM-00130,SUP-065,MAT-00070,2.65,37,50,N
SM-00131,SUP-025,MAT-00071,22.58,18,10,Y
SM-00132,SUP-085,MAT-00071,20.27,27,10,N
SM-00133,SUP-021,MAT-00072,9.87,8,100,Y
SM-00134,SUP-085,MAT-00072,8.72,7,100,N
SM-00135,SUP-087,MAT-00073,6.48,28,250,Y
SM-00136,SUP-007,MAT-00073,6.37,25,1,N
SM-00137,SUP-083,MAT-00074,11.23,34,250,Y
SM-00138,SUP-067,MAT-00074,10.5,40,100,N
SM-00139,SUP-091,MAT-00075,14.21,8,100,Y
SM-00140,SUP-045,MAT-00076,5.11,14,500,Y
SM-00141,SUP-056,MAT-00077,17.71,13,500,Y
SM-00142,SUP-074,MAT-00078,0.71,11,10,Y
SM-00143,SUP-015,MAT-00078,0.63,18,100,N
SM-00144,SUP-099,MAT-00079,22.61,8,100,Y
SM-00145,SUP-055,MAT-00079,21.68,6,100,N
SM-00146,SUP-091,MAT-00080,3.5,8,500,Y
SM-00147,SUP-045,MAT-00080,3.8,7,10,N
SM-00148,SUP-068,MAT-00081,40.42,16,10,Y
SM-00149,SUP-090,MAT-00081,36.44,14,1,N
SM-00150,SUP-020,MAT-00082,73.92,10,1,Y
SM-00151,SUP-010,MAT-00083,2.83,59,25,Y
SM-00152,SUP-083,MAT-00083,3.36,48,250,N
SM-00153,SUP-003,MAT-00084,12.64,11,500,Y
SM-00154,SUP-018,MAT-00084,12.04,18,10,N
SM-00155,SUP-070,MAT-00084,12.48,16,500,N
SM-00156,SUP-017,MAT-00085,4.44,6,50,Y
SM-00157,SUP-039,MAT-00085,5.03,8,1,N
SM-00158,SUP-034,MAT-00086,24.56,16,100,Y
SM-00159,SUP-018,MAT-00086,22.94,17,100,N
SM-00160,SUP-044,MAT-00087,9.77,10,50,Y
SM-00161,SUP-033,MAT-00088,21.04,28,500,Y
SM-00162,SUP-051,MAT-00089,3.8,12,25,Y
SM-00163,SUP-027,MAT-00089,3.53,11,250,N
SM-00164,SUP-027,MAT-00090,7.77,11,50,Y
SM-00165,SUP-084,MAT-00091,1.51,18,1,Y
SM-00166,SUP-028,MAT-00091,1.69,17,1,N
SM-00167,SUP-097,MAT-00091,1.77,25,10,N
SM-00168,SUP-020,MAT-00092,209.57,12,50,Y
SM-00169,SUP-007,MAT-00092,206.99,18,250,N
SM-00170,SUP-075,MAT-00093,1.48,33,10,Y
SM-00171,SUP-045,MAT-00093,1.47,34,100,N
SM-00172,SUP-054,MAT-00094,12.73,61,1,Y
SM-00173,SUP-067,MAT-00094,12.59,75,50,N
SM-00174,SUP-034,MAT-00095,4.34,12,1,Y
SM-00175,SUP-033,MAT-00096,6.22,20,50,Y
SM-00176,SUP-085,MAT-00097,38.7,19,100,Y
SM-00177,SUP-077,MAT-00098,0.75,13,250,Y
SM-00178,SUP-085,MAT-00098,0.72,16,100,N
SM-00179,SUP-027,MAT-00099,9.5,47,1,Y
SM-00180,SUP-092,MAT-00099,10.22,42,25,N
SM-00181,SUP-077,MAT-00100,7.29,17,250,Y
SM-00182,SUP-086,MAT-00101,5.94,9,1,Y
SM-00183,SUP-080,MAT-00101,6.15,6,100,N
SM-00184,SUP-055,MAT-00102,3.84,23,500,Y
SM-00185,SUP-015,MAT-00102,3.73,22,100,N
SM-00186,SUP-069,MAT-00103,4.05,12,250,Y
SM-00187,SUP-023,MAT-00104,1.75,9,100,Y
SM-00188,SUP-035,MAT-00105,142.0,25,250,Y
SM-00189,SUP-091,MAT-00105,153.78,27,1,N
SM-00190,SUP-003,MAT-00105,147.52,20,50,N
SM-00191,SUP-022,MAT-00106,6.82,27,25,Y
SM-00192,SUP-007,MAT-00106,7.81,23,50,N
SM-00193,SUP-020,MAT-00107,29.42,6,1,Y
SM-00194,SUP-031,MAT-00108,4.38,22,25,Y
SM-00195,SUP-062,MAT-00109,6.84,25,500,Y
SM-00196,SUP-092,MAT-00110,10.15,10,500,Y
SM-00197,SUP-073,MAT-00111,9.79,25,100,Y
SM-00198,SUP-087,MAT-00112,7.92,21,500,Y
SM-00199,SUP-063,MAT-00113,9.92,12,10,Y
SM-00200,SUP-053,MAT-00113,8.86,14,10,N
SM-00201,SUP-025,MAT-00113,9.12,17,1,N
SM-00202,SUP-043,MAT-00114,65.12,16,250,Y
SM-00203,SUP-084,MAT-00115,108.42,8,250,Y
SM-00204,SUP-082,MAT-00115,112.92,10,25,N
SM-00205,SUP-007,MAT-00116,5.94,74,50,Y
SM-00206,SUP-026,MAT-00117,7.2,26,50,Y
SM-00207,SUP-055,MAT-00118,3.24,15,250,Y
SM-00208,SUP-081,MAT-00118,3.4,18,100,N
SM-00209,SUP-080,MAT-00119,17.97,11,25,Y
SM-00210,SUP-008,MAT-00120,5.29,13,50,Y
SM-00211,SUP-035,MAT-00121,19.8,13,500,Y
SM-00212,SUP-015,MAT-00121,21.61,16,500,N
SM-00213,SUP-092,MAT-00122,24.97,26,1,Y
SM-00214,SUP-094,MAT-00122,27.18,32,500,N
SM-00215,SUP-028,MAT-00123,18.39,28,25,Y
SM-00216,SUP-032,MAT-00124,66.88,16,10,Y
SM-00217,SUP-022,MAT-00125,36.58,12,1,Y
SM-00218,SUP-027,MAT-00125,39.73,12,10,N
SM-00219,SUP-061,MAT-00125,34.86,10,250,N
SM-00220,SUP-060,MAT-00126,2.57,11,500,Y
SM-00221,SUP-024,MAT-00126,2.11,18,10,N
SM-00222,SUP-046,MAT-00127,8.1,8,25,Y
SM-00223,SUP-049,MAT-00127,8.78,7,25,N
SM-00224,SUP-048,MAT-00128,14.57,12,25,Y
SM-00225,SUP-098,MAT-00129,6.42,13,25,Y
SM-00226,SUP-041,MAT-00130,11.28,26,50,Y
SM-00227,SUP-013,MAT-00131,4.23,37,50,Y
SM-00228,SUP-099,MAT-00132,77.08,12,10,Y
SM-00229,SUP-042,MAT-00132,71.61,13,250,N
SM-00230,SUP-043,MAT-00132,72.79,11,25,N
SM-00231,SUP-062,MAT-00133,8.45,20,500,Y
SM-00232,SUP-037,MAT-00133,9.65,25,250,N
SM-00233,SUP-086,MAT-00134,29.39,14,1,Y
SM-00234,SUP-084,MAT-00135,32.03,16,1,Y
SM-00235,SUP-044,MAT-00135,28.6,15,50,N
SM-00236,SUP-050,MAT-00136,3.16,34,1,Y
SM-00237,SUP-087,MAT-00136,3.11,33,1,N
SM-00238,SUP-051,MAT-00136,3.22,37,100,N
SM-00239,SUP-058,MAT-00137,15.44,51,250,Y
SM-00240,SUP-072,MAT-00137,16.26,66,250,N
SM-00241,SUP-034,MAT-00138,5.74,36,10,Y
SM-00242,SUP-053,MAT-00139,75.82,11,500,Y
SM-00243,SUP-030,MAT-00139,76.75,11,500,N
SM-00244,SUP-079,MAT-00140,5.77,9,50,Y
SM-00245,SUP-086,MAT-00140,5.58,11,1,N
SM-00246,SUP-072,MAT-00141,50.77,8,50,Y
SM-00247,SUP-020,MAT-00141,47.8,6,250,N
SM-00248,SUP-009,MAT-00142,21.13,17,50,Y
SM-00249,SUP-043,MAT-00143,4.59,9,100,Y
SM-00250,SUP-091,MAT-00143,5.05,12,250,N
SM-00251,SUP-003,MAT-00144,5.26,8,250,Y
SM-00252,SUP-004,MAT-00145,16.5,31,10,Y
SM-00253,SUP-047,MAT-00145,16.79,26,25,N
SM-00254,SUP-098,MAT-00146,70.14,24,25,Y
SM-00255,SUP-011,MAT-00146,73.23,20,500,N
SM-00256,SUP-023,MAT-00146,71.42,27,1,N
SM-00257,SUP-048,MAT-00147,18.71,13,50,Y
SM-00258,SUP-020,MAT-00147,15.84,10,250,N
SM-00259,SUP-013,MAT-00148,33.91,7,500,Y
SM-00260,SUP-061,MAT-00148,30.65,8,50,N
SM-00261,SUP-099,MAT-00148,31.46,8,500,N
SM-00262,SUP-005,MAT-00149,4.89,17,10,Y
SM-00263,SUP-015,MAT-00150,48.09,8,100,Y
SM-00264,SUP-066,MAT-00151,3.35,9,500,Y
SM-00265,SUP-024,MAT-00152,1.6,16,25,Y
SM-00266,SUP-080,MAT-00152,1.63,18,100,N
SM-00267,SUP-076,MAT-00153,0.74,9,1,Y
SM-00268,SUP-047,MAT-00154,9.79,25,1,Y
SM-00269,SUP-046,MAT-00154,11.08,17,50,N
SM-00270,SUP-095,MAT-00154,9.76,21,500,N
SM-00271,SUP-048,MAT-00155,4.35,11,250,Y
SM-00272,SUP-100,MAT-00155,4.91,15,250,N
SM-00273,SUP-024,MAT-00156,1.16,24,1,Y
SM-00274,SUP-094,MAT-00157,8.87,11,1,Y
SM-00275,SUP-083,MAT-00158,23.97,5,250,Y
SM-00276,SUP-072,MAT-00159,5.21,25,10,Y
SM-00277,SUP-033,MAT-00159,5.0,24,10,N
SM-00278,SUP-016,MAT-00160,0.59,17,250,Y
SM-00279,SUP-029,MAT-00160,0.6,16,25,N
SM-00280,SUP-021,MAT-00161,4.88,13,1,Y
SM-00281,SUP-090,MAT-00162,67.27,27,10,Y
SM-00282,SUP-023,MAT-00162,70.7,20,250,N
SM-00283,SUP-051,MAT-00163,16.87,7,250,Y
SM-00284,SUP-065,MAT-00163,16.81,9,10,N
SM-00285,SUP-048,MAT-00164,2.21,15,250,Y
SM-00286,SUP-002,MAT-00164,2.52,16,250,N
SM-00287,SUP-022,MAT-00165,29.4,17,50,Y
SM-00288,SUP-087,MAT-00165,30.73,17,500,N
SM-00289,SUP-002,MAT-00165,34.57,17,100,N
SM-00290,SUP-059,MAT-00166,2.31,22,50,Y
SM-00291,SUP-097,MAT-00167,2.12,33,25,Y
SM-00292,SUP-063,MAT-00168,4.89,54,50,Y
SM-00293,SUP-058,MAT-00168,4.42,57,250,N
SM-00294,SUP-072,MAT-00168,5.13,61,500,N
SM-00295,SUP-010,MAT-00169,107.36,25,10,Y
SM-00296,SUP-020,MAT-00169,103.16,25,250,N
SM-00297,SUP-049,MAT-00169,111.35,19,500,N
SM-00298,SUP-001,MAT-00170,18.68,9,25,Y
SM-00299,SUP-022,MAT-00171,5.38,24,100,Y
SM-00300,SUP-061,MAT-00171,5.19,17,500,N
SM-00301,SUP-087,MAT-00172,5.49,37,250,Y
SM-00302,SUP-071,MAT-00172,4.88,25,100,N
SM-00303,SUP-076,MAT-00172,5.51,41,100,N
SM-00304,SUP-079,MAT-00173,5.13,8,250,Y
SM-00305,SUP-088,MAT-00173,4.67,8,100,N
SM-00306,SUP-084,MAT-00174,3.23,13,1,Y
SM-00307,SUP-001,MAT-00175,14.86,8,500,Y
SM-00308,SUP-019,MAT-00175,15.94,10,100,N
SM-00309,SUP-039,MAT-00176,1.81,28,50,Y
SM-00310,SUP-055,MAT-00176,1.82,22,10,N
SM-00311,SUP-005,MAT-00176,1.85,27,25,N
SM-00312,SUP-052,MAT-00177,16.87,37,1,Y
SM-00313,SUP-014,MAT-00178,3.47,24,250,Y
SM-00314,SUP-004,MAT-00179,3.71,12,25,Y
SM-00315,SUP-078,MAT-00180,61.48,12,250,Y
SM-00316,SUP-001,MAT-00181,4.31,11,100,Y
SM-00317,SUP-051,MAT-00182,6.54,17,50,Y
SM-00318,SUP-053,MAT-00182,5.88,14,500,N
SM-00319,SUP-096,MAT-00182,6.12,19,50,N
SM-00320,SUP-018,MAT-00183,8.51,18,10,Y
SM-00321,SUP-089,MAT-00184,10.81,7,500,Y
SM-00322,SUP-041,MAT-00184,9.7,7,25,N
SM-00323,SUP-005,MAT-00184,9.54,7,250,N
SM-00324,SUP-051,MAT-00185,0.74,39,100,Y
SM-00325,SUP-075,MAT-00185,0.69,27,50,N
SM-00326,SUP-068,MAT-00186,5.09,21,25,Y
SM-00327,SUP-042,MAT-00187,6.48,6,250,Y
SM-00328,SUP-081,MAT-00187,5.4,6,500,N
SM-00329,SUP-099,MAT-00187,5.5,6,25,N
SM-00330,SUP-067,MAT-00188,5.03,39,25,Y
SM-00331,SUP-079,MAT-00188,4.91,32,50,N
SM-00332,SUP-018,MAT-00189,8.72,18,10,Y
SM-00333,SUP-040,MAT-00189,9.84,18,100,N
SM-00334,SUP-010,MAT-00189,9.27,14,500,N
SM-00335,SUP-025,MAT-00190,6.78,11,500,Y
SM-00336,SUP-064,MAT-00190,7.0,14,100,N
SM-00337,SUP-037,MAT-00191,144.85,11,500,Y
SM-00338,SUP-051,MAT-00191,118.97,15,500,N
SM-00339,SUP-022,MAT-00191,118.88,17,1,N
SM-00340,SUP-090,MAT-00192,6.75,58,50,Y
SM-00341,SUP-046,MAT-00192,5.52,37,50,N
SM-00342,SUP-046,MAT-00193,18.53,50,1,Y
SM-00343,SUP-062,MAT-00194,4.7,10,25,Y
SM-00344,SUP-039,MAT-00195,4.88,15,500,Y
SM-00345,SUP-079,MAT-00195,5.19,19,500,N
SM-00346,SUP-032,MAT-00196,5.22,39,50,Y
SM-00347,SUP-033,MAT-00197,2.57,27,25,Y
SM-00348,SUP-018,MAT-00197,2.47,17,250,N
SM-00349,SUP-062,MAT-00198,1.19,9,500,Y
SM-00350,SUP-095,MAT-00198,1.12,10,50,N
SM-00351,SUP-011,MAT-00199,2.41,9,25,Y
SM-00352,SUP-012,MAT-00199,2.2,12,100,N
SM-00353,SUP-068,MAT-00200,16.49,17,250,Y
SM-00354,SUP-031,MAT-00200,14.06,15,100,N
SM-00355,SUP-051,MAT-00201,14.59,15,100,Y
SM-00356,SUP-100,MAT-00201,15.71,13,1,N
SM-00357,SUP-065,MAT-00201,16.22,18,10,N
SM-00358,SUP-048,MAT-00202,10.89,19,1,Y
SM-00359,SUP-061,MAT-00202,10.27,27,500,N
SM-00360,SUP-062,MAT-00202,10.97,28,50,N
SM-00361,SUP-023,MAT-00203,8.83,6,500,Y
SM-00362,SUP-065,MAT-00204,57.37,11,250,Y
SM-00363,SUP-075,MAT-00205,4.54,13,100,Y
SM-00364,SUP-076,MAT-00206,31.86,17,250,Y
SM-00365,SUP-093,MAT-00206,29.15,12,1,N
SM-00366,SUP-004,MAT-00206,33.14,15,500,N
SM-00367,SUP-057,MAT-00207,38.72,20,50,Y
SM-00368,SUP-010,MAT-00208,15.69,17,10,Y
SM-00369,SUP-052,MAT-00209,6.87,39,50,Y
SM-00370,SUP-051,MAT-00209,7.19,27,10,N
SM-00371,SUP-078,MAT-00210,4.0,24,10,Y
SM-00372,SUP-065,MAT-00210,4.06,33,25,N
SM-00373,SUP-099,MAT-00211,11.48,13,1,Y
SM-00374,SUP-024,MAT-00211,12.51,11,25,N
SM-00375,SUP-023,MAT-00212,48.59,39,100,Y
SM-00376,SUP-099,MAT-00213,16.74,18,100,Y
SM-00377,SUP-018,MAT-00213,16.56,13,1,N
SM-00378,SUP-072,MAT-00214,38.6,26,250,Y
SM-00379,SUP-060,MAT-00214,39.19,28,10,N
SM-00380,SUP-048,MAT-00215,13.14,36,50,Y
SM-00381,SUP-044,MAT-00215,11.58,32,500,N
SM-00382,SUP-056,MAT-00216,1.68,17,100,Y
SM-00383,SUP-049,MAT-00217,19.65,21,50,Y
SM-00384,SUP-052,MAT-00218,14.38,16,1,Y
SM-00385,SUP-017,MAT-00219,1.8,12,100,Y
SM-00386,SUP-088,MAT-00220,1.6,8,100,Y
SM-00387,SUP-022,MAT-00221,17.77,10,50,Y
SM-00388,SUP-054,MAT-00221,16.5,10,50,N
SM-00389,SUP-016,MAT-00222,25.91,14,100,Y
SM-00390,SUP-083,MAT-00222,23.11,11,1,N
SM-00391,SUP-026,MAT-00223,16.32,19,100,Y
SM-00392,SUP-098,MAT-00224,2.68,40,1,Y
SM-00393,SUP-064,MAT-00224,2.57,24,250,N
SM-00394,SUP-064,MAT-00225,4.81,69,100,Y
SM-00395,SUP-075,MAT-00225,4.62,68,25,N
SM-00396,SUP-097,MAT-00225,5.39,48,1,N
SM-00397,SUP-001,MAT-00226,1.25,19,100,Y
SM-00398,SUP-061,MAT-00226,1.48,23,250,N
SM-00399,SUP-031,MAT-00227,5.06,15,1,Y
SM-00400,SUP-018,MAT-00227,5.0,15,25,N
SM-00401,SUP-083,MAT-00227,5.3,14,50,N
SM-00402,SUP-013,MAT-00228,5.4,17,10,Y
SM-00403,SUP-076,MAT-00229,8.31,73,1,Y
SM-00404,SUP-067,MAT-00229,9.08,69,25,N
SM-00405,SUP-081,MAT-00230,3.29,11,50,Y
SM-00406,SUP-033,MAT-00231,14.1,25,50,Y
SM-00407,SUP-032,MAT-00232,15.42,11,10,Y
SM-00408,SUP-028,MAT-00232,17.53,8,50,N
SM-00409,SUP-067,MAT-00233,18.26,14,1,Y
SM-00410,SUP-083,MAT-00234,5.5,18,50,Y
SM-00411,SUP-014,MAT-00234,5.91,14,100,N
SM-00412,SUP-080,MAT-00234,6.22,11,50,N
SM-00413,SUP-042,MAT-00235,7.13,12,10,Y
SM-00414,SUP-024,MAT-00236,8.07,27,10,Y
SM-00415,SUP-097,MAT-00236,6.86,18,500,N
SM-00416,SUP-039,MAT-00237,1.75,14,10,Y
SM-00417,SUP-015,MAT-00237,1.56,19,1,N
SM-00418,SUP-078,MAT-00237,1.68,12,100,N
SM-00419,SUP-079,MAT-00238,10.4,14,10,Y
SM-00420,SUP-074,MAT-00238,9.52,16,1,N
SM-00421,SUP-043,MAT-00239,3.49,14,10,Y
SM-00422,SUP-025,MAT-00240,0.78,16,1,Y
SM-00423,SUP-058,MAT-00240,0.87,15,500,N
SM-00424,SUP-019,MAT-00240,0.9,11,50,N
SM-00425,SUP-082,MAT-00241,14.08,8,250,Y
SM-00426,SUP-023,MAT-00241,13.71,8,500,N
SM-00427,SUP-068,MAT-00241,13.03,5,1,N
SM-00428,SUP-030,MAT-00242,3.73,18,250,Y
SM-00429,SUP-039,MAT-00242,3.9,13,50,N
SM-00430,SUP-029,MAT-00243,12.88,25,250,Y
SM-00431,SUP-062,MAT-00244,4.35,13,10,Y
SM-00432,SUP-088,MAT-00244,4.6,16,10,N
SM-00433,SUP-023,MAT-00244,4.2,16,25,N
SM-00434,SUP-096,MAT-00245,4.71,17,10,Y
SM-00435,SUP-060,MAT-00246,2.27,11,100,Y
SM-00436,SUP-057,MAT-00246,2.1,14,250,N
SM-00437,SUP-044,MAT-00247,4.65,24,250,Y
SM-00438,SUP-092,MAT-00248,5.34,8,50,Y
SM-00439,SUP-080,MAT-00248,5.77,8,10,N
SM-00440,SUP-093,MAT-00249,3.12,7,25,Y
SM-00441,SUP-024,MAT-00250,13.33,14,500,Y
SM-00442,SUP-056,MAT-00251,12.01,11,100,Y
SM-00443,SUP-042,MAT-00252,21.68,12,250,Y
SM-00444,SUP-096,MAT-00252,21.8,11,500,N
SM-00445,SUP-075,MAT-00252,20.21,9,100,N
SM-00446,SUP-085,MAT-00253,5.77,12,250,Y
SM-00447,SUP-006,MAT-00253,5.93,13,500,N
SM-00448,SUP-007,MAT-00254,19.71,11,500,Y
SM-00449,SUP-099,MAT-00254,20.56,14,250,N
SM-00450,SUP-047,MAT-00255,9.93,8,25,Y
SM-00451,SUP-065,MAT-00255,9.85,6,100,N
SM-00452,SUP-017,MAT-00256,4.98,21,50,Y
SM-00453,SUP-013,MAT-00257,4.99,17,25,Y
SM-00454,SUP-038,MAT-00257,5.47,17,25,N
SM-00455,SUP-041,MAT-00258,19.68,12,100,Y
SM-00456,SUP-051,MAT-00258,19.0,12,1,N
SM-00457,SUP-098,MAT-00259,7.69,18,1,Y
SM-00458,SUP-048,MAT-00260,21.9,11,50,Y
SM-00459,SUP-096,MAT-00261,2.86,26,10,Y
SM-00460,SUP-014,MAT-00261,2.83,28,100,N
SM-00461,SUP-016,MAT-00262,2.91,15,250,Y
SM-00462,SUP-012,MAT-00263,0.5,32,250,Y
SM-00463,SUP-027,MAT-00264,1.93,12,10,Y
SM-00464,SUP-017,MAT-00265,20.9,6,250,Y
SM-00465,SUP-035,MAT-00265,20.0,8,50,N
SM-00466,SUP-021,MAT-00265,20.86,8,1,N
SM-00467,SUP-068,MAT-00266,4.27,19,100,Y
SM-00468,SUP-091,MAT-00266,4.74,23,100,N
SM-00469,SUP-085,MAT-00267,22.81,8,50,Y
SM-00470,SUP-027,MAT-00267,19.17,5,1,N
SM-00471,SUP-011,MAT-00268,49.16,36,250,Y
SM-00472,SUP-003,MAT-00268,52.47,30,250,N
SM-00473,SUP-087,MAT-00269,9.09,27,100,Y
SM-00474,SUP-032,MAT-00270,3.5,12,500,Y
SM-00475,SUP-074,MAT-00270,3.6,16,100,N
SM-00476,SUP-089,MAT-00271,12.31,10,250,Y
SM-00477,SUP-064,MAT-00272,18.37,38,250,Y
SM-00478,SUP-049,MAT-00272,18.87,40,10,N
SM-00479,SUP-048,MAT-00273,24.73,8,100,Y
SM-00480,SUP-073,MAT-00274,11.56,13,100,Y
SM-00481,SUP-050,MAT-00275,35.68,11,1,Y
SM-00482,SUP-044,MAT-00275,30.79,13,10,N
SM-00483,SUP-080,MAT-00276,1.22,25,1,Y
SM-00484,SUP-045,MAT-00276,1.19,17,1,N
SM-00485,SUP-034,MAT-00277,7.0,19,25,Y
SM-00486,SUP-062,MAT-00277,7.51,19,250,N
SM-00487,SUP-027,MAT-00278,4.24,14,100,Y
SM-00488,SUP-098,MAT-00279,1.27,58,10,Y
SM-00489,SUP-044,MAT-00279,1.25,54,50,N
SM-00490,SUP-009,MAT-00280,1.93,28,1,Y
SM-00491,SUP-099,MAT-00280,1.75,40,100,N
SM-00492,SUP-064,MAT-00280,1.86,40,250,N
SM-00493,SUP-026,MAT-00281,1.63,25,500,Y
SM-00494,SUP-083,MAT-00281,1.62,24,50,N
SM-00495,SUP-011,MAT-00281,1.67,31,1,N
SM-00496,SUP-090,MAT-00282,1.77,22,500,Y
SM-00497,SUP-079,MAT-00282,1.64,22,25,N
SM-00498,SUP-092,MAT-00282,1.61,21,1,N
SM-00499,SUP-094,MAT-00283,17.81,7,25,Y
SM-00500,SUP-005,MAT-00283,17.5,9,25,N
SM-00501,SUP-058,MAT-00284,4.69,19,10,Y
SM-00502,SUP-089,MAT-00284,4.31,17,10,N
SM-00503,SUP-032,MAT-00285,7.49,13,50,Y
SM-00504,SUP-081,MAT-00285,7.77,14,50,N
SM-00505,SUP-023,MAT-00286,5.37,25,50,Y
SM-00506,SUP-060,MAT-00287,7.25,16,1,Y
SM-00507,SUP-010,MAT-00287,8.05,15,1,N
SM-00508,SUP-002,MAT-00288,2.15,11,1,Y
SM-00509,SUP-069,MAT-00288,2.37,11,10,N
SM-00510,SUP-055,MAT-00289,42.36,13,100,Y
SM-00511,SUP-033,MAT-00289,46.19,11,100,N
SM-00512,SUP-029,MAT-00290,49.67,17,1,Y
SM-00513,SUP-054,MAT-00290,60.13,17,100,N
SM-00514,SUP-073,MAT-00291,93.4,41,1,Y
SM-00515,SUP-077,MAT-00291,86.17,59,100,N
SM-00516,SUP-033,MAT-00292,13.13,14,250,Y
SM-00517,SUP-012,MAT-00292,13.15,17,250,N
SM-00518,SUP-022,MAT-00293,4.46,56,1,Y
SM-00519,SUP-065,MAT-00293,5.1,60,500,N
SM-00520,SUP-090,MAT-00294,11.27,35,250,Y
SM-00521,SUP-025,MAT-00295,4.09,9,500,Y
SM-00522,SUP-055,MAT-00296,13.04,28,500,Y
SM-00523,SUP-089,MAT-00297,19.72,13,50,Y
SM-00524,SUP-095,MAT-00297,16.87,8,10,N
SM-00525,SUP-011,MAT-00298,2.03,8,500,Y
SM-00526,SUP-021,MAT-00298,2.23,8,10,N
SM-00527,SUP-027,MAT-00299,13.73,28,10,Y
SM-00528,SUP-048,MAT-00299,14.01,19,500,N
SM-00529,SUP-051,MAT-00299,15.04,21,10,N
SM-00530,SUP-038,MAT-00300,14.79,17,50,Y
SM-00531,SUP-090,MAT-00300,14.7,24,100,N
SM-00532,SUP-068,MAT-00300,14.01,20,500,N
SM-00533,SUP-049,MAT-00301,5.22,62,100,Y
SM-00534,SUP-054,MAT-00302,9.21,9,100,Y
SM-00535,SUP-046,MAT-00303,9.72,9,25,Y
SM-00536,SUP-016,MAT-00303,11.83,6,500,N
SM-00537,SUP-036,MAT-00303,10.02,7,1,N
SM-00538,SUP-079,MAT-00304,16.39,76,50,Y
SM-00539,SUP-048,MAT-00304,15.45,74,25,N
SM-00540,SUP-041,MAT-00305,4.8,18,100,Y
SM-00541,SUP-011,MAT-00305,4.21,27,250,N
SM-00542,SUP-028,MAT-00306,6.1,39,500,Y
SM-00543,SUP-097,MAT-00307,4.81,52,10,Y
SM-00544,SUP-053,MAT-00308,15.23,15,50,Y
SM-00545,SUP-084,MAT-00309,3.08,26,1,Y
SM-00546,SUP-006,MAT-00310,1.76,19,50,Y
SM-00547,SUP-022,MAT-00311,127.86,19,500,Y
SM-00548,SUP-027,MAT-00311,138.56,19,250,N
SM-00549,SUP-080,MAT-00311,137.32,19,50,N
SM-00550,SUP-070,MAT-00312,17.92,13,1,Y
SM-00551,SUP-065,MAT-00313,6.47,16,25,Y
SM-00552,SUP-032,MAT-00313,7.02,27,1,N
SM-00553,SUP-061,MAT-00313,6.18,26,25,N
SM-00554,SUP-078,MAT-00314,11.15,11,250,Y
SM-00555,SUP-060,MAT-00314,10.46,17,100,N
SM-00556,SUP-091,MAT-00315,13.06,12,100,Y
SM-00557,SUP-004,MAT-00316,26.31,16,250,Y
SM-00558,SUP-065,MAT-00316,26.76,16,10,N
SM-00559,SUP-095,MAT-00317,35.45,9,250,Y
SM-00560,SUP-071,MAT-00317,31.36,12,500,N
SM-00561,SUP-066,MAT-00317,34.22,11,250,N
SM-00562,SUP-024,MAT-00318,37.53,35,25,Y
SM-00563,SUP-024,MAT-00319,16.05,17,500,Y
SM-00564,SUP-040,MAT-00320,6.84,8,1,Y
SM-00565,SUP-019,MAT-00321,10.97,7,10,Y
SM-00566,SUP-067,MAT-00322,12.98,41,25,Y
SM-00567,SUP-023,MAT-00323,10.17,19,25,Y
SM-00568,SUP-012,MAT-00323,9.07,12,250,N
SM-00569,SUP-034,MAT-00324,12.37,11,10,Y
SM-00570,SUP-050,MAT-00324,13.54,17,50,N
SM-00571,SUP-100,MAT-00325,4.31,26,250,Y
SM-00572,SUP-086,MAT-00325,4.21,26,10,N
SM-00573,SUP-089,MAT-00326,14.17,23,250,Y
SM-00574,SUP-011,MAT-00327,5.94,12,100,Y
SM-00575,SUP-085,MAT-00327,5.24,12,500,N
SM-00576,SUP-059,MAT-00328,14.45,18,50,Y
SM-00577,SUP-004,MAT-00328,13.37,13,250,N
SM-00578,SUP-032,MAT-00329,92.57,17,500,Y
SM-00579,SUP-053,MAT-00330,7.14,28,1,Y
SM-00580,SUP-084,MAT-00330,6.46,17,10,N
SM-00581,SUP-090,MAT-00331,14.86,11,10,Y
SM-00582,SUP-097,MAT-00331,14.62,9,500,N
SM-00583,SUP-096,MAT-00331,16.08,13,500,N
SM-00584,SUP-014,MAT-00332,16.49,12,250,Y
SM-00585,SUP-071,MAT-00332,17.97,11,50,N
SM-00586,SUP-005,MAT-00333,43.01,8,500,Y
SM-00587,SUP-031,MAT-00333,38.65,8,10,N
SM-00588,SUP-033,MAT-00334,4.86,13,50,Y
SM-00589,SUP-072,MAT-00334,4.59,12,1,N
SM-00590,SUP-004,MAT-00335,4.13,15,250,Y
SM-00591,SUP-017,MAT-00335,3.89,12,10,N
SM-00592,SUP-021,MAT-00335,4.61,12,25,N
SM-00593,SUP-095,MAT-00336,38.85,17,1,Y
SM-00594,SUP-085,MAT-00336,33.66,17,100,N
SM-00595,SUP-049,MAT-00336,35.11,15,10,N
SM-00596,SUP-025,MAT-00337,3.28,7,10,Y
SM-00597,SUP-060,MAT-00338,3.2,26,1,Y
SM-00598,SUP-031,MAT-00338,2.72,26,250,N
SM-00599,SUP-075,MAT-00339,5.04,59,25,Y
SM-00600,SUP-097,MAT-00340,2.75,5,250,Y
SM-00601,SUP-086,MAT-00340,2.31,5,1,N
SM-00602,SUP-048,MAT-00341,1.49,36,1,Y
SM-00603,SUP-067,MAT-00342,20.18,10,50,Y
SM-00604,SUP-029,MAT-00343,4.97,11,50,Y
SM-00605,SUP-074,MAT-00343,4.82,11,25,N
SM-00606,SUP-047,MAT-00343,5.09,12,100,N
SM-00607,SUP-008,MAT-00344,19.48,6,50,Y
SM-00608,SUP-026,MAT-00344,19.17,8,500,N
SM-00609,SUP-050,MAT-00345,5.79,8,1,Y
SM-00610,SUP-099,MAT-00346,10.55,5,25,Y
SM-00611,SUP-006,MAT-00346,12.63,6,500,N
SM-00612,SUP-052,MAT-00347,12.87,15,500,Y
SM-00613,SUP-041,MAT-00347,12.59,13,250,N
SM-00614,SUP-039,MAT-00347,15.23,11,10,N
SM-00615,SUP-034,MAT-00348,6.21,12,10,Y
SM-00616,SUP-003,MAT-00348,5.81,16,250,N
SM-00617,SUP-089,MAT-00349,5.75,46,10,Y
SM-00618,SUP-032,MAT-00350,5.06,18,1,Y
SM-00619,SUP-031,MAT-00351,7.67,41,500,Y
SM-00620,SUP-055,MAT-00352,5.04,12,25,Y
SM-00621,SUP-039,MAT-00352,4.6,16,10,N
SM-00622,SUP-057,MAT-00352,4.98,18,50,N
SM-00623,SUP-070,MAT-00353,8.72,9,10,Y
SM-00624,SUP-079,MAT-00353,9.26,12,100,N
SM-00625,SUP-030,MAT-00354,3.15,16,50,Y
SM-00626,SUP-044,MAT-00354,3.14,19,50,N
SM-00627,SUP-016,MAT-00355,2.38,9,250,Y
SM-00628,SUP-099,MAT-00356,11.81,17,250,Y
SM-00629,SUP-089,MAT-00357,2.58,27,10,Y
SM-00630,SUP-066,MAT-00357,2.64,17,1,N
SM-00631,SUP-045,MAT-00358,3.32,19,25,Y
SM-00632,SUP-096,MAT-00358,3.21,21,500,N
SM-00633,SUP-095,MAT-00359,1.41,27,25,Y
SM-00634,SUP-074,MAT-00359,1.53,23,1,N
SM-00635,SUP-041,MAT-00360,16.18,9,250,Y
SM-00636,SUP-031,MAT-00361,66.87,14,100,Y
SM-00637,SUP-066,MAT-00361,59.92,17,10,N
SM-00638,SUP-089,MAT-00361,62.97,18,1,N
SM-00639,SUP-081,MAT-00362,43.35,53,1,Y
SM-00640,SUP-039,MAT-00362,42.56,53,50,N
SM-00641,SUP-031,MAT-00363,21.91,17,500,Y
SM-00642,SUP-069,MAT-00364,46.59,50,50,Y
SM-00643,SUP-011,MAT-00364,41.77,41,100,N
SM-00644,SUP-012,MAT-00364,45.44,42,50,N
SM-00645,SUP-053,MAT-00365,30.52,12,100,Y
SM-00646,SUP-037,MAT-00366,111.86,41,25,Y
SM-00647,SUP-019,MAT-00366,131.78,36,1,N
SM-00648,SUP-038,MAT-00367,4.89,13,10,Y
SM-00649,SUP-005,MAT-00368,26.23,16,500,Y
SM-00650,SUP-084,MAT-00368,22.03,12,1,N
SM-00651,SUP-060,MAT-00369,22.46,13,1,Y
SM-00652,SUP-100,MAT-00370,26.06,8,100,Y
SM-00653,SUP-072,MAT-00370,23.85,9,100,N
SM-00654,SUP-032,MAT-00370,28.06,12,10,N
SM-00655,SUP-032,MAT-00371,15.84,22,50,Y
SM-00656,SUP-069,MAT-00371,17.96,20,100,N
SM-00657,SUP-047,MAT-00372,36.18,23,500,Y
SM-00658,SUP-015,MAT-00372,34.13,29,500,N
SM-00659,SUP-033,MAT-00373,5.4,11,500,Y
SM-00660,SUP-045,MAT-00374,1.08,12,100,Y
SM-00661,SUP-017,MAT-00375,28.4,20,10,Y
SM-00662,SUP-082,MAT-00375,28.6,27,10,N
SM-00663,SUP-071,MAT-00376,74.61,15,10,Y
SM-00664,SUP-098,MAT-00377,25.08,20,100,Y
SM-00665,SUP-004,MAT-00377,28.5,18,1,N
SM-00666,SUP-008,MAT-00378,27.65,11,1,Y
SM-00667,SUP-041,MAT-00378,26.33,16,25,N
SM-00668,SUP-041,MAT-00379,26.93,6,10,Y
SM-00669,SUP-025,MAT-00379,25.72,8,25,N
SM-00670,SUP-082,MAT-00379,26.9,6,10,N
SM-00671,SUP-078,MAT-00380,19.36,28,25,Y
SM-00672,SUP-014,MAT-00381,11.23,29,10,Y
SM-00673,SUP-012,MAT-00381,13.17,37,10,N
SM-00674,SUP-047,MAT-00382,11.51,25,500,Y
SM-00675,SUP-093,MAT-00383,22.42,73,250,Y
SM-00676,SUP-029,MAT-00383,24.19,68,500,N
SM-00677,SUP-082,MAT-00383,23.3,52,1,N
SM-00678,SUP-031,MAT-00384,0.66,27,1,Y
SM-00679,SUP-087,MAT-00384,0.79,16,100,N
SM-00680,SUP-090,MAT-00385,7.14,18,50,Y
SM-00681,SUP-058,MAT-00385,8.14,18,500,N
SM-00682,SUP-022,MAT-00386,3.94,17,100,Y
SM-00683,SUP-095,MAT-00386,4.45,21,500,N
SM-00684,SUP-085,MAT-00387,17.62,11,50,Y
SM-00685,SUP-028,MAT-00388,16.22,12,50,Y
SM-00686,SUP-090,MAT-00388,18.54,11,100,N
SM-00687,SUP-073,MAT-00389,11.22,41,10,Y
SM-00688,SUP-031,MAT-00389,11.87,62,100,N
SM-00689,SUP-043,MAT-00390,25.15,15,25,Y
SM-00690,SUP-030,MAT-00391,2.98,18,500,Y
SM-00691,SUP-095,MAT-00391,2.86,12,25,N
SM-00692,SUP-097,MAT-00392,46.88,54,250,Y
SM-00693,SUP-034,MAT-00393,18.23,17,10,Y
SM-00694,SUP-010,MAT-00393,17.02,12,250,N
SM-00695,SUP-077,MAT-00393,17.31,15,500,N
SM-00696,SUP-012,MAT-00394,17.06,12,10,Y
SM-00697,SUP-081,MAT-00394,17.61,13,1,N
SM-00698,SUP-097,MAT-00395,57.47,15,500,Y
SM-00699,SUP-051,MAT-00395,55.63,14,1,N
SM-00700,SUP-039,MAT-00396,10.48,26,250,Y
SM-00701,SUP-021,MAT-00397,2.8,16,25,Y
SM-00702,SUP-089,MAT-00398,6.05,17,25,Y
SM-00703,SUP-096,MAT-00399,68.61,17,50,Y
SM-00704,SUP-003,MAT-00400,25.73,17,500,Y
SM-00705,SUP-043,MAT-00400,23.8,21,250,N
SM-00706,SUP-096,MAT-00401,4.46,5,100,Y
SM-00707,SUP-050,MAT-00402,94.64,20,25,Y
SM-00708,SUP-019,MAT-00402,98.11,17,100,N
SM-00709,SUP-059,MAT-00402,90.31,19,50,N
SM-00710,SUP-011,MAT-00403,54.89,25,10,Y
SM-00711,SUP-082,MAT-00403,51.97,27,25,N
SM-00712,SUP-065,MAT-00404,13.06,18,100,Y
SM-00713,SUP-020,MAT-00404,12.43,18,250,N
SM-00714,SUP-083,MAT-00405,10.6,11,1,Y
SM-00715,SUP-047,MAT-00405,8.94,8,1,N
SM-00716,SUP-019,MAT-00406,16.2,14,10,Y
SM-00717,SUP-065,MAT-00407,22.51,9,250,Y
SM-00718,SUP-017,MAT-00407,21.01,8,25,N
SM-00719,SUP-059,MAT-00408,11.76,16,100,Y
SM-00720,SUP-065,MAT-00408,12.54,13,10,N
SM-00721,SUP-070,MAT-00409,7.51,22,1,Y
SM-00722,SUP-056,MAT-00409,8.53,23,1,N
SM-00723,SUP-079,MAT-00409,7.6,18,1,N
SM-00724,SUP-001,MAT-00410,13.89,21,1,Y
SM-00725,SUP-004,MAT-00411,5.67,37,10,Y
SM-00726,SUP-039,MAT-00412,6.6,16,100,Y
SM-00727,SUP-032,MAT-00412,6.56,17,10,N
SM-00728,SUP-046,MAT-00413,10.49,18,10,Y
SM-00729,SUP-034,MAT-00413,10.22,16,10,N
SM-00730,SUP-098,MAT-00414,11.6,12,1,Y
SM-00731,SUP-005,MAT-00415,9.45,30,250,Y
SM-00732,SUP-029,MAT-00415,9.71,33,250,N
SM-00733,SUP-022,MAT-00416,7.49,15,50,Y
SM-00734,SUP-009,MAT-00417,11.85,72,500,Y
SM-00735,SUP-042,MAT-00417,11.04,82,50,N
SM-00736,SUP-017,MAT-00418,2.96,10,1,Y
SM-00737,SUP-075,MAT-00418,2.89,11,500,N
SM-00738,SUP-089,MAT-00419,62.91,27,25,Y
SM-00739,SUP-004,MAT-00420,10.04,21,100,Y
SM-00740,SUP-061,MAT-00420,10.76,27,50,N
SM-00741,SUP-076,MAT-00421,13.62,12,25,Y
SM-00742,SUP-024,MAT-00422,6.84,40,250,Y
SM-00743,SUP-051,MAT-00422,6.5,54,500,N
SM-00744,SUP-089,MAT-00422,7.44,38,10,N
SM-00745,SUP-028,MAT-00423,6.75,6,250,Y
SM-00746,SUP-032,MAT-00423,6.85,7,1,N
SM-00747,SUP-077,MAT-00423,6.29,6,100,N
SM-00748,SUP-044,MAT-00424,13.29,24,50,Y
SM-00749,SUP-014,MAT-00424,13.62,35,10,N
SM-00750,SUP-065,MAT-00425,4.74,21,1,Y
SM-00751,SUP-057,MAT-00425,4.62,20,500,N
SM-00752,SUP-060,MAT-00426,3.86,13,1,Y
SM-00753,SUP-019,MAT-00427,2.21,12,100,Y
SM-00754,SUP-049,MAT-00428,18.0,16,500,Y
SM-00755,SUP-087,MAT-00428,17.67,13,25,N
SM-00756,SUP-048,MAT-00429,10.01,37,1,Y
SM-00757,SUP-011,MAT-00429,10.76,30,25,N
SM-00758,SUP-003,MAT-00430,13.21,10,250,Y
SM-00759,SUP-025,MAT-00430,13.62,11,25,N
SM-00760,SUP-066,MAT-00431,5.97,18,25,Y
SM-00761,SUP-038,MAT-00431,6.88,18,10,N
SM-00762,SUP-090,MAT-00432,5.53,54,50,Y
SM-00763,SUP-024,MAT-00433,2.79,27,250,Y
SM-00764,SUP-076,MAT-00434,2.77,9,25,Y
SM-00765,SUP-099,MAT-00434,2.69,6,25,N
SM-00766,SUP-003,MAT-00435,17.73,6,500,Y
SM-00767,SUP-096,MAT-00436,7.93,30,25,Y
SM-00768,SUP-085,MAT-00437,6.34,8,25,Y
SM-00769,SUP-063,MAT-00438,43.05,48,25,Y
SM-00770,SUP-095,MAT-00438,44.55,38,10,N
SM-00771,SUP-008,MAT-00439,12.31,18,250,Y
SM-00772,SUP-096,MAT-00439,12.15,21,50,N
SM-00773,SUP-070,MAT-00440,4.89,8,250,Y
SM-00774,SUP-092,MAT-00440,4.47,12,25,N
SM-00775,SUP-035,MAT-00441,74.94,16,50,Y
SM-00776,SUP-058,MAT-00442,22.94,20,25,Y
SM-00777,SUP-100,MAT-00442,20.25,18,500,N
SM-00778,SUP-030,MAT-00443,10.32,13,10,Y
SM-00779,SUP-074,MAT-00443,9.76,18,500,N
SM-00780,SUP-032,MAT-00443,9.2,15,10,N
SM-00781,SUP-097,MAT-00444,6.58,6,250,Y
SM-00782,SUP-022,MAT-00444,7.45,8,10,N
SM-00783,SUP-003,MAT-00445,5.48,18,10,Y
SM-00784,SUP-051,MAT-00445,4.86,11,500,N
SM-00785,SUP-087,MAT-00446,75.57,6,50,Y
SM-00786,SUP-055,MAT-00446,69.14,7,25,N
SM-00787,SUP-015,MAT-00447,6.25,9,50,Y
SM-00788,SUP-012,MAT-00447,6.01,9,50,N
SM-00789,SUP-051,MAT-00447,5.88,9,1,N
SM-00790,SUP-007,MAT-00448,25.63,57,100,Y
SM-00791,SUP-019,MAT-00448,27.03,59,250,N
SM-00792,SUP-050,MAT-00449,18.65,6,25,Y
SM-00793,SUP-079,MAT-00449,15.55,6,10,N
SM-00794,SUP-094,MAT-00450,9.81,37,1,Y
SM-00795,SUP-073,MAT-00451,31.93,6,100,Y
SM-00796,SUP-069,MAT-00451,28.84,8,10,N
SM-00797,SUP-014,MAT-00452,5.81,12,50,Y
SM-00798,SUP-024,MAT-00453,74.14,32,50,Y
SM-00799,SUP-039,MAT-00453,71.03,26,10,N
SM-00800,SUP-055,MAT-00453,68.74,36,10,N
SM-00801,SUP-012,MAT-00454,10.48,18,25,Y
SM-00802,SUP-009,MAT-00454,10.97,12,500,N
SM-00803,SUP-055,MAT-00455,2.27,7,100,Y
SM-00804,SUP-098,MAT-00455,2.42,6,10,N
SM-00805,SUP-024,MAT-00455,2.69,6,25,N
SM-00806,SUP-016,MAT-00456,0.92,46,10,Y
SM-00807,SUP-049,MAT-00456,0.93,38,100,N
SM-00808,SUP-053,MAT-00457,6.82,41,25,Y
SM-00809,SUP-008,MAT-00457,7.14,35,25,N
SM-00810,SUP-060,MAT-00458,7.63,56,1,Y
SM-00811,SUP-073,MAT-00459,10.59,12,10,Y
SM-00812,SUP-081,MAT-00460,6.44,18,500,Y
SM-00813,SUP-091,MAT-00461,17.73,46,25,Y
SM-00814,SUP-012,MAT-00462,20.38,8,100,Y
SM-00815,SUP-100,MAT-00463,1.13,28,250,Y
SM-00816,SUP-085,MAT-00464,35.31,6,500,Y
SM-00817,SUP-052,MAT-00464,40.92,7,250,N
SM-00818,SUP-063,MAT-00465,1.72,10,500,Y
SM-00819,SUP-068,MAT-00465,1.84,12,100,N
SM-00820,SUP-058,MAT-00466,8.27,13,250,Y
SM-00821,SUP-011,MAT-00467,0.36,18,100,Y
SM-00822,SUP-039,MAT-00467,0.38,11,500,N
SM-00823,SUP-021,MAT-00468,5.37,29,500,Y
SM-00824,SUP-059,MAT-00468,6.37,32,10,N
SM-00825,SUP-078,MAT-00469,51.07,21,250,Y
SM-00826,SUP-064,MAT-00469,44.95,24,100,N
SM-00827,SUP-054,MAT-00470,3.12,13,50,Y
SM-00828,SUP-031,MAT-00470,3.25,8,250,N
SM-00829,SUP-074,MAT-00471,3.13,15,250,Y
SM-00830,SUP-007,MAT-00471,3.76,19,250,N
SM-00831,SUP-016,MAT-00472,36.33,9,1,Y
SM-00832,SUP-085,MAT-00472,36.69,10,250,N
SM-00833,SUP-065,MAT-00473,1.2,35,1,Y
SM-00834,SUP-004,MAT-00474,0.98,9,100,Y
SM-00835,SUP-059,MAT-00474,0.95,12,50,N
SM-00836,SUP-017,MAT-00475,16.19,19,250,Y
SM-00837,SUP-032,MAT-00475,14.57,15,100,N
SM-00838,SUP-088,MAT-00475,16.39,15,100,N
SM-00839,SUP-026,MAT-00476,40.4,13,100,Y
SM-00840,SUP-082,MAT-00476,34.55,13,500,N
SM-00841,SUP-020,MAT-00477,4.28,18,100,Y
SM-00842,SUP-091,MAT-00478,19.17,11,250,Y
SM-00843,SUP-093,MAT-00478,21.99,10,25,N
SM-00844,SUP-004,MAT-00479,26.84,22,1,Y
SM-00845,SUP-023,MAT-00479,28.26,18,1,N
SM-00846,SUP-009,MAT-00480,13.27,65,100,Y
SM-00847,SUP-031,MAT-00480,14.66,52,500,N
SM-00848,SUP-029,MAT-00480,14.95,60,10,N
SM-00849,SUP-044,MAT-00481,27.95,18,100,Y
SM-00850,SUP-043,MAT-00481,28.77,14,1,N
SM-00851,SUP-053,MAT-00482,10.29,10,1,Y
SM-00852,SUP-015,MAT-00482,10.22,10,500,N
SM-00853,SUP-044,MAT-00483,7.08,13,10,Y
SM-00854,SUP-032,MAT-00484,10.53,8,25,Y
SM-00855,SUP-091,MAT-00484,11.07,10,10,N
SM-00856,SUP-005,MAT-00484,11.11,12,10,N
SM-00857,SUP-060,MAT-00485,12.32,58,10,Y
SM-00858,SUP-095,MAT-00485,10.72,66,50,N
SM-00859,SUP-001,MAT-00486,20.38,17,25,Y
SM-00860,SUP-011,MAT-00486,19.92,14,25,N
SM-00861,SUP-030,MAT-00487,44.73,17,100,Y
SM-00862,SUP-013,MAT-00487,46.81,11,500,N
SM-00863,SUP-071,MAT-00487,48.18,11,10,N
SM-00864,SUP-067,MAT-00488,2.6,17,100,Y
SM-00865,SUP-064,MAT-00489,0.84,14,500,Y
SM-00866,SUP-070,MAT-00490,6.19,27,500,Y
SM-00867,SUP-017,MAT-00490,6.48,32,250,N
SM-00868,SUP-022,MAT-00491,2.31,21,25,Y
SM-00869,SUP-015,MAT-00492,15.43,5,50,Y
SM-00870,SUP-060,MAT-00492,15.82,8,500,N
SM-00871,SUP-090,MAT-00493,33.69,49,50,Y
SM-00872,SUP-021,MAT-00493,34.77,60,500,N
SM-00873,SUP-068,MAT-00494,112.2,24,250,Y
SM-00874,SUP-011,MAT-00494,116.91,25,250,N
SM-00875,SUP-089,MAT-00494,108.43,16,500,N
SM-00876,SUP-072,MAT-00495,29.63,12,1,Y
SM-00877,SUP-061,MAT-00496,18.83,6,25,Y
SM-00878,SUP-007,MAT-00496,17.09,7,10,N
SM-00879,SUP-038,MAT-00496,16.43,8,1,N
SM-00880,SUP-001,MAT-00497,40.33,19,50,Y
SM-00881,SUP-068,MAT-00498,10.23,39,100,Y
SM-00882,SUP-036,MAT-00498,10.93,45,100,N
SM-00883,SUP-021,MAT-00499,43.5,34,1,Y
SM-00884,SUP-040,MAT-00500,51.3,17,25,Y
