material_id,plant_id,warehouse_id,unrestricted_qty,quality_hold_qty,blocked_qty,reserved_qty,snapshot_date
MAT-00001,PLT-DE-02,WH-04,425.7,19.0,5.9,42.3,2026-07-16
MAT-00002,PLT-US-01,WH-01,175.9,5.6,5.0,19.2,2026-07-16
MAT-00003,PLT-DE-02,WH-04,239.4,2.5,6.5,24.6,2026-07-16
MAT-00003,PLT-US-01,WH-01,123.3,0.4,2.6,9.5,2026-07-16
MAT-00004,PLT-US-01,WH-01,431.7,13.0,11.3,51.4,2026-07-16
MAT-00005,PLT-DE-02,WH-04,424.0,24.9,3.4,23.8,2026-07-16
MAT-00006,PLT-DE-02,WH-04,63.3,3.5,0.9,6.9,2026-07-16
MAT-00007,PLT-US-01,WH-01,352.6,15.8,3.6,23.6,2026-07-16
MAT-00008,PLT-IN-03,WH-07,816.5,36.1,18.6,108.0,2026-07-16
MAT-00009,PLT-US-01,WH-01,847.8,16.0,8.9,37.0,2026-07-16
MAT-00010,PLT-US-01,WH-01,240.0,7.4,3.2,55.6,2026-07-16
MAT-00011,PLT-US-01,WH-01,1093.2,42.6,26.5,97.2,2026-07-16
MAT-00012,PLT-IN-03,WH-07,10.7,0.6,0.2,15.1,2026-07-16
MAT-00013,PLT-DE-02,WH-04,349.2,8.2,3.3,42.1,2026-07-16
MAT-00014,PLT-IN-03,WH-07,650.8,12.5,0.7,225.1,2026-07-16
MAT-00015,PLT-DE-02,WH-04,791.0,8.6,9.1,82.1,2026-07-16
MAT-00016,PLT-DE-02,WH-04,309.8,10.0,6.5,23.9,2026-07-16
MAT-00016,PLT-IN-03,WH-07,230.8,3.4,2.4,75.0,2026-07-16
MAT-00017,PLT-IN-03,WH-07,1083.1,32.9,0.6,167.4,2026-07-16
MAT-00017,PLT-US-01,WH-01,985.8,45.9,3.9,46.4,2026-07-16
MAT-00018,PLT-IN-03,WH-07,210.7,1.8,4.4,12.6,2026-07-16
MAT-00019,PLT-IN-03,WH-07,188.8,3.1,3.9,30.3,2026-07-16
MAT-00020,PLT-DE-02,WH-04,1403.0,61.1,27.4,119.0,2026-07-16
MAT-00021,PLT-IN-03,WH-07,409.5,3.1,5.9,69.0,2026-07-16
MAT-00021,PLT-DE-02,WH-04,348.7,17.6,3.0,18.6,2026-07-16
MAT-00022,PLT-DE-02,WH-04,76.5,0.9,1.0,3.6,2026-07-16
MAT-00023,PLT-IN-03,WH-07,1117.9,30.1,7.0,112.6,2026-07-16
MAT-00024,PLT-US-01,WH-01,513.2,2.3,10.9,44.8,2026-07-16
MAT-00025,PLT-DE-02,WH-04,1507.1,47.4,0.1,55.9,2026-07-16
MAT-00026,PLT-US-01,WH-01,7.4,0.2,0.0,7.4,2026-07-16
MAT-00027,PLT-IN-03,WH-07,220.3,4.0,5.0,20.0,2026-07-16
MAT-00028,PLT-IN-03,WH-07,274.9,16.0,2.1,32.3,2026-07-16
MAT-00029,PLT-IN-03,WH-07,764.0,39.8,3.3,93.4,2026-07-16
MAT-00030,PLT-IN-03,WH-07,235.8,12.2,2.2,10.7,2026-07-16
MAT-00031,PLT-DE-02,WH-04,127.9,6.8,0.3,11.3,2026-07-16
MAT-00032,PLT-DE-02,WH-04,1512.6,10.6,29.8,164.6,2026-07-16
MAT-00033,PLT-US-01,WH-01,440.9,15.9,12.7,44.4,2026-07-16
MAT-00034,PLT-DE-02,WH-04,354.7,3.2,6.5,17.5,2026-07-16
MAT-00035,PLT-US-01,WH-01,1035.8,21.1,24.0,40.8,2026-07-16
MAT-00036,PLT-US-01,WH-01,75.6,4.3,1.7,6.5,2026-07-16
MAT-00037,PLT-US-01,WH-01,361.5,1.5,1.2,42.3,2026-07-16
MAT-00038,PLT-US-01,WH-01,772.0,19.6,16.2,112.2,2026-07-16
MAT-00039,PLT-DE-02,WH-04,171.5,2.5,4.5,32.6,2026-07-16
MAT-00040,PLT-IN-03,WH-07,50.9,0.7,0.4,6.2,2026-07-16
MAT-00041,PLT-IN-03,WH-07,71.4,0.9,1.0,4.1,2026-07-16
MAT-00042,PLT-IN-03,WH-07,682.3,21.0,17.9,64.8,2026-07-16
MAT-00043,PLT-DE-02,WH-04,1410.4,27.2,33.9,108.1,2026-07-16
MAT-00044,PLT-DE-02,WH-04,352.4,8.7,8.5,41.1,2026-07-16
MAT-00045,PLT-DE-02,WH-04,482.3,3.3,9.9,60.1,2026-07-16
MAT-00046,PLT-DE-02,WH-04,208.9,6.4,5.6,19.8,2026-07-16
MAT-00047,PLT-IN-03,WH-07,581.7,31.8,4.3,45.8,2026-07-16
MAT-00048,PLT-IN-03,WH-07,829.7,47.5,3.2,37.6,2026-07-16
MAT-00049,PLT-US-01,WH-01,431.7,20.0,1.9,44.5,2026-07-16
MAT-00050,PLT-US-01,WH-01,460.4,19.3,3.2,39.9,2026-07-16
MAT-00051,PLT-US-01,WH-01,700.9,1.2,5.9,46.5,2026-07-16
MAT-00052,PLT-DE-02,WH-04,456.6,27.4,7.1,70.7,2026-07-16
MAT-00053,PLT-US-01,WH-01,590.3,5.9,14.0,52.8,2026-07-16
MAT-00053,PLT-DE-02,WH-04,634.9,27.3,2.9,56.3,2026-07-16
MAT-00054,PLT-IN-03,WH-07,237.0,7.4,4.7,22.9,2026-07-16
MAT-00054,PLT-DE-02,WH-04,154.3,4.5,4.4,10.4,2026-07-16
MAT-00055,PLT-DE-02,WH-04,458.6,24.5,8.8,37.7,2026-07-16
MAT-00056,PLT-DE-02,WH-04,1091.4,20.8,19.9,145.1,2026-07-16
MAT-00057,PLT-DE-02,WH-04,649.6,24.6,1.6,45.6,2026-07-16
MAT-00058,PLT-DE-02,WH-04,319.3,9.8,6.6,25.3,2026-07-16
MAT-00059,PLT-IN-03,WH-07,522.2,12.1,4.4,18.4,2026-07-16
MAT-00060,PLT-US-01,WH-01,578.7,17.4,15.4,29.1,2026-07-16
MAT-00061,PLT-DE-02,WH-04,195.3,4.7,4.4,18.9,2026-07-16
MAT-00061,PLT-US-01,WH-01,146.3,1.7,2.3,10.6,2026-07-16
MAT-00062,PLT-DE-02,WH-04,148.6,8.8,3.6,16.5,2026-07-16
MAT-00063,PLT-US-01,WH-01,21.0,0.3,0.4,30.7,2026-07-16
MAT-00064,PLT-US-01,WH-01,381.6,11.6,0.7,37.4,2026-07-16
MAT-00065,PLT-US-01,WH-01,1100.7,61.0,4.1,127.6,2026-07-16
MAT-00066,PLT-DE-02,WH-04,3861.2,191.2,2.1,118.1,2026-07-16
MAT-00067,PLT-IN-03,WH-07,1282.4,29.6,30.3,54.8,2026-07-16
MAT-00068,PLT-IN-03,WH-07,454.8,19.1,11.5,60.1,2026-07-16
MAT-00069,PLT-US-01,WH-01,1632.7,7.1,37.6,153.2,2026-07-16
MAT-00070,PLT-US-01,WH-01,1268.5,45.5,28.5,67.9,2026-07-16
MAT-00071,PLT-DE-02,WH-04,1320.2,29.6,21.7,142.7,2026-07-16
MAT-00071,PLT-US-01,WH-01,952.5,36.2,9.3,53.2,2026-07-16
MAT-00072,PLT-US-01,WH-01,493.1,14.5,2.6,48.9,2026-07-16
MAT-00072,PLT-IN-03,WH-07,1166.4,14.4,1.1,87.3,2026-07-16
MAT-00073,PLT-IN-03,WH-07,1142.3,17.0,13.6,79.0,2026-07-16
MAT-00073,PLT-US-01,WH-01,34.5,1.2,0.8,46.6,2026-07-16
MAT-00074,PLT-DE-02,WH-04,545.8,7.1,15.1,59.4,2026-07-16
MAT-00075,PLT-IN-03,WH-07,237.4,1.8,5.3,32.7,2026-07-16
MAT-00076,PLT-IN-03,WH-07,512.3,16.1,2.4,28.0,2026-07-16
MAT-00076,PLT-DE-02,WH-04,531.8,20.1,1.7,36.3,2026-07-16
MAT-00077,PLT-DE-02,WH-04,408.9,7.0,11.5,12.9,2026-07-16
MAT-00078,PLT-IN-03,WH-07,802.1,13.0,12.2,45.4,2026-07-16
MAT-00078,PLT-US-01,WH-01,1610.6,9.3,17.7,117.2,2026-07-16
MAT-00079,PLT-US-01,WH-01,142.7,2.7,1.2,14.7,2026-07-16
MAT-00080,PLT-US-01,WH-01,1801.2,29.8,43.8,46.5,2026-07-16
MAT-00081,PLT-DE-02,WH-04,398.9,18.3,11.2,88.4,2026-07-16
MAT-00081,PLT-US-01,WH-01,1102.0,24.2,9.6,117.1,2026-07-16
MAT-00082,PLT-DE-02,WH-04,510.6,29.2,7.5,29.1,2026-07-16
MAT-00083,PLT-US-01,WH-01,250.7,11.2,1.9,23.2,2026-07-16
MAT-00084,PLT-IN-03,WH-07,401.2,20.7,2.9,35.8,2026-07-16
MAT-00085,PLT-IN-03,WH-07,1216.2,24.0,23.4,105.3,2026-07-16
MAT-00086,PLT-DE-02,WH-04,665.4,9.2,7.6,30.5,2026-07-16
MAT-00087,PLT-IN-03,WH-07,155.2,6.3,1.9,9.8,2026-07-16
MAT-00088,PLT-DE-02,WH-04,495.0,1.5,7.6,51.5,2026-07-16
MAT-00089,PLT-IN-03,WH-07,62.5,2.6,0.7,5.5,2026-07-16
MAT-00090,PLT-DE-02,WH-04,845.0,44.6,25.0,57.9,2026-07-16
MAT-00091,PLT-US-01,WH-01,279.7,7.8,3.2,23.6,2026-07-16
MAT-00092,PLT-DE-02,WH-04,1216.9,32.2,27.4,98.9,2026-07-16
MAT-00092,PLT-IN-03,WH-07,655.0,32.9,15.9,35.8,2026-07-16
MAT-00093,PLT-IN-03,WH-07,2179.4,91.7,38.1,81.9,2026-07-16
MAT-00094,PLT-IN-03,WH-07,145.2,0.8,1.7,5.8,2026-07-16
MAT-00095,PLT-US-01,WH-01,476.5,12.7,13.7,20.8,2026-07-16
MAT-00096,PLT-US-01,WH-01,1389.8,52.3,0.5,103.4,2026-07-16
MAT-00096,PLT-DE-02,WH-04,3007.2,90.0,86.4,99.3,2026-07-16
MAT-00097,PLT-DE-02,WH-04,867.6,44.8,0.7,90.0,2026-07-16
MAT-00098,PLT-IN-03,WH-07,954.4,50.2,9.1,38.5,2026-07-16
MAT-00099,PLT-DE-02,WH-04,471.3,23.4,8.1,61.6,2026-07-16
MAT-00100,PLT-US-01,WH-01,126.8,1.3,2.7,18.0,2026-07-16
MAT-00101,PLT-IN-03,WH-07,344.3,19.8,6.5,31.4,2026-07-16
MAT-00102,PLT-DE-02,WH-04,613.4,11.6,9.3,44.9,2026-07-16
MAT-00103,PLT-DE-02,WH-04,113.1,5.4,2.0,11.7,2026-07-16
MAT-00104,PLT-IN-03,WH-07,245.4,11.1,3.5,36.4,2026-07-16
MAT-00105,PLT-DE-02,WH-04,1193.2,14.6,2.8,56.8,2026-07-16
MAT-00106,PLT-DE-02,WH-04,1113.5,35.4,2.9,72.8,2026-07-16
MAT-00107,PLT-US-01,WH-01,288.5,7.5,1.6,44.7,2026-07-16
MAT-00108,PLT-DE-02,WH-04,831.9,18.4,3.6,52.8,2026-07-16
MAT-00108,PLT-US-01,WH-01,480.5,4.8,9.5,40.4,2026-07-16
MAT-00109,PLT-IN-03,WH-07,1501.9,53.8,39.7,166.9,2026-07-16
MAT-00110,PLT-IN-03,WH-07,169.0,7.8,2.5,11.7,2026-07-16
MAT-00111,PLT-IN-03,WH-07,512.6,0.6,5.2,71.9,2026-07-16
MAT-00111,PLT-DE-02,WH-04,375.1,11.1,4.8,22.9,2026-07-16
MAT-00112,PLT-IN-03,WH-07,466.9,3.3,1.2,53.4,2026-07-16
MAT-00112,PLT-US-01,WH-01,417.8,17.9,7.0,20.3,2026-07-16
MAT-00113,PLT-IN-03,WH-07,315.4,15.3,2.5,26.2,2026-07-16
MAT-00114,PLT-US-01,WH-01,1137.6,58.1,1.0,124.2,2026-07-16
MAT-00115,PLT-DE-02,WH-04,899.4,16.9,26.9,71.1,2026-07-16
MAT-00116,PLT-US-01,WH-01,706.4,12.6,17.4,86.0,2026-07-16
MAT-00117,PLT-DE-02,WH-04,381.6,10.7,6.0,30.1,2026-07-16
MAT-00118,PLT-US-01,WH-01,1128.6,57.5,24.4,120.0,2026-07-16
MAT-00119,PLT-IN-03,WH-07,41.4,2.2,0.2,11.2,2026-07-16
MAT-00120,PLT-DE-02,WH-04,1886.3,102.9,0.5,76.0,2026-07-16
MAT-00121,PLT-US-01,WH-01,543.3,13.4,10.2,56.1,2026-07-16
MAT-00122,PLT-IN-03,WH-07,129.9,0.8,1.6,18.1,2026-07-16
MAT-00123,PLT-US-01,WH-01,670.7,9.1,6.5,92.7,2026-07-16
MAT-00124,PLT-DE-02,WH-04,65.8,2.2,1.0,27.5,2026-07-16
MAT-00124,PLT-US-01,WH-01,376.5,21.8,9.9,36.8,2026-07-16
MAT-00125,PLT-IN-03,WH-07,180.6,4.8,2.8,20.6,2026-07-16
MAT-00126,PLT-DE-02,WH-04,645.0,11.6,6.5,86.3,2026-07-16
MAT-00127,PLT-IN-03,WH-07,482.3,12.1,14.3,61.8,2026-07-16
MAT-00128,PLT-IN-03,WH-07,1093.4,57.0,11.6,98.9,2026-07-16
MAT-00129,PLT-US-01,WH-01,703.3,11.7,10.0,118.2,2026-07-16
MAT-00130,PLT-IN-03,WH-07,691.5,13.9,16.3,65.3,2026-07-16
MAT-00131,PLT-US-01,WH-01,496.6,29.0,13.7,67.1,2026-07-16
MAT-00131,PLT-DE-02,WH-04,760.9,0.7,14.4,50.1,2026-07-16
MAT-00132,PLT-IN-03,WH-07,1669.7,13.8,34.8,141.6,2026-07-16
MAT-00133,PLT-DE-02,WH-04,153.8,0.2,4.0,11.8,2026-07-16
MAT-00134,PLT-US-01,WH-01,737.0,9.8,9.1,89.6,2026-07-16
MAT-00135,PLT-US-01,WH-01,396.5,11.4,0.3,35.1,2026-07-16
MAT-00136,PLT-US-01,WH-01,285.0,11.1,0.5,40.3,2026-07-16
MAT-00137,PLT-IN-03,WH-07,285.8,4.4,5.1,29.1,2026-07-16
MAT-00138,PLT-IN-03,WH-07,66.4,3.9,1.0,7.1,2026-07-16
MAT-00139,PLT-US-01,WH-01,1393.3,20.1,37.8,63.3,2026-07-16
MAT-00140,PLT-US-01,WH-01,282.6,13.9,2.3,30.8,2026-07-16
MAT-00141,PLT-US-01,WH-01,632.6,25.2,1.3,67.3,2026-07-16
MAT-00141,PLT-DE-02,WH-04,1147.0,38.2,21.1,40.5,2026-07-16
MAT-00142,PLT-US-01,WH-01,1126.4,4.5,22.7,70.3,2026-07-16
MAT-00143,PLT-US-01,WH-01,917.3,21.8,12.7,45.4,2026-07-16
MAT-00144,PLT-IN-03,WH-07,260.0,2.4,3.2,84.7,2026-07-16
MAT-00145,PLT-DE-02,WH-04,1701.7,42.8,4.2,67.6,2026-07-16
MAT-00145,PLT-IN-03,WH-07,159.6,0.4,0.8,134.0,2026-07-16
MAT-00146,PLT-DE-02,WH-04,513.0,21.9,2.5,31.1,2026-07-16
MAT-00147,PLT-US-01,WH-01,309.7,10.6,0.6,25.0,2026-07-16
MAT-00148,PLT-US-01,WH-01,43.2,1.4,0.0,24.9,2026-07-16
MAT-00149,PLT-IN-03,WH-07,636.7,31.1,3.5,52.4,2026-07-16
MAT-00150,PLT-US-01,WH-01,381.0,0.5,6.2,32.8,2026-07-16
MAT-00151,PLT-US-01,WH-01,882.8,44.2,10.5,59.9,2026-07-16
MAT-00152,PLT-US-01,WH-01,682.6,33.3,10.0,125.8,2026-07-16
MAT-00153,PLT-IN-03,WH-07,691.0,3.7,17.8,39.5,2026-07-16
MAT-00154,PLT-US-01,WH-01,85.2,4.5,2.2,9.9,2026-07-16
MAT-00155,PLT-IN-03,WH-07,707.6,25.8,4.5,80.0,2026-07-16
MAT-00156,PLT-DE-02,WH-04,207.3,1.2,5.7,58.5,2026-07-16
MAT-00157,PLT-IN-03,WH-07,1167.4,17.6,3.7,121.3,2026-07-16
MAT-00158,PLT-IN-03,WH-07,1030.8,44.4,7.4,81.8,2026-07-16
MAT-00159,PLT-DE-02,WH-04,1900.9,72.5,53.6,177.6,2026-07-16
MAT-00160,PLT-US-01,WH-01,1938.6,106.4,49.1,42.8,2026-07-16
MAT-00161,PLT-IN-03,WH-07,439.1,8.5,4.5,25.2,2026-07-16
MAT-00162,PLT-IN-03,WH-07,760.5,19.4,9.4,71.8,2026-07-16
MAT-00162,PLT-US-01,WH-01,1232.1,52.8,26.1,186.5,2026-07-16
MAT-00163,PLT-US-01,WH-01,315.6,1.4,7.6,8.6,2026-07-16
MAT-00164,PLT-IN-03,WH-07,1220.7,39.0,19.3,130.5,2026-07-16
MAT-00165,PLT-DE-02,WH-04,493.2,29.0,8.1,53.5,2026-07-16
MAT-00166,PLT-IN-03,WH-07,932.1,17.4,17.7,88.3,2026-07-16
MAT-00167,PLT-US-01,WH-01,108.2,4.5,1.5,6.1,2026-07-16
MAT-00168,PLT-IN-03,WH-07,1581.5,30.3,3.3,64.6,2026-07-16
MAT-00169,PLT-IN-03,WH-07,4.7,0.3,0.1,15.2,2026-07-16
MAT-00170,PLT-IN-03,WH-07,1091.4,11.6,18.6,60.9,2026-07-16
MAT-00171,PLT-US-01,WH-01,520.2,25.9,0.9,48.9,2026-07-16
MAT-00172,PLT-DE-02,WH-04,903.5,44.1,18.4,95.0,2026-07-16
MAT-00173,PLT-US-01,WH-01,846.5,30.2,12.5,49.4,2026-07-16
MAT-00174,PLT-IN-03,WH-07,998.8,4.6,29.5,107.0,2026-07-16
MAT-00175,PLT-DE-02,WH-04,993.9,26.5,24.0,127.7,2026-07-16
MAT-00175,PLT-IN-03,WH-07,1012.1,31.5,21.4,104.9,2026-07-16
MAT-00176,PLT-US-01,WH-01,1339.1,58.1,15.5,42.1,2026-07-16
MAT-00177,PLT-IN-03,WH-07,1841.0,78.9,23.7,58.7,2026-07-16
MAT-00178,PLT-IN-03,WH-07,414.3,13.6,4.2,56.2,2026-07-16
MAT-00178,PLT-US-01,WH-01,571.6,13.4,1.2,51.2,2026-07-16
MAT-00179,PLT-IN-03,WH-07,76.5,1.1,0.6,6.7,2026-07-16
MAT-00180,PLT-DE-02,WH-04,106.0,0.3,0.7,7.7,2026-07-16
MAT-00181,PLT-IN-03,WH-07,1961.4,51.1,4.3,81.0,2026-07-16
MAT-00182,PLT-US-01,WH-01,473.4,22.2,2.6,43.3,2026-07-16
MAT-00183,PLT-IN-03,WH-07,1015.2,32.6,16.8,88.2,2026-07-16
MAT-00184,PLT-IN-03,WH-07,697.2,21.3,4.2,87.1,2026-07-16
MAT-00185,PLT-IN-03,WH-07,401.2,14.0,11.6,16.5,2026-07-16
MAT-00186,PLT-DE-02,WH-04,696.4,2.0,4.0,80.0,2026-07-16
MAT-00186,PLT-IN-03,WH-07,1519.2,67.0,15.6,178.0,2026-07-16
MAT-00187,PLT-DE-02,WH-04,12.7,0.1,0.3,2.9,2026-07-16
MAT-00188,PLT-US-01,WH-01,249.7,0.1,5.6,19.0,2026-07-16
MAT-00188,PLT-IN-03,WH-07,503.2,19.0,5.6,16.6,2026-07-16
MAT-00189,PLT-US-01,WH-01,201.5,1.3,3.9,13.8,2026-07-16
MAT-00190,PLT-US-01,WH-01,974.3,55.1,12.2,49.0,2026-07-16
MAT-00191,PLT-IN-03,WH-07,318.5,17.0,1.4,28.8,2026-07-16
MAT-00192,PLT-DE-02,WH-04,308.2,16.2,9.2,53.0,2026-07-16
MAT-00192,PLT-US-01,WH-01,328.2,6.2,6.4,13.3,2026-07-16
MAT-00193,PLT-IN-03,WH-07,929.7,45.7,10.1,119.2,2026-07-16
MAT-00194,PLT-IN-03,WH-07,497.6,18.2,10.7,41.8,2026-07-16
MAT-00194,PLT-US-01,WH-01,105.1,4.2,0.2,39.0,2026-07-16
MAT-00195,PLT-US-01,WH-01,471.5,3.3,7.8,30.1,2026-07-16
MAT-00196,PLT-DE-02,WH-04,987.0,28.1,2.0,90.5,2026-07-16
MAT-00197,PLT-IN-03,WH-07,1502.1,6.1,31.2,155.2,2026-07-16
MAT-00198,PLT-US-01,WH-01,160.9,6.7,1.6,10.2,2026-07-16
MAT-00199,PLT-DE-02,WH-04,2545.0,98.0,12.1,74.4,2026-07-16
MAT-00200,PLT-US-01,WH-01,190.9,10.0,0.0,50.8,2026-07-16
MAT-00201,PLT-US-01,WH-01,538.4,2.2,8.6,27.9,2026-07-16
MAT-00201,PLT-IN-03,WH-07,553.5,10.0,8.6,61.7,2026-07-16
MAT-00202,PLT-US-01,WH-01,671.2,21.2,15.4,60.4,2026-07-16
MAT-00203,PLT-US-01,WH-01,782.2,17.9,5.5,90.5,2026-07-16
MAT-00204,PLT-IN-03,WH-07,221.3,8.9,5.3,39.3,2026-07-16
MAT-00205,PLT-US-01,WH-01,472.2,22.0,10.0,59.0,2026-07-16
MAT-00206,PLT-IN-03,WH-07,712.4,0.9,19.9,33.0,2026-07-16
MAT-00207,PLT-DE-02,WH-04,95.5,0.9,1.0,52.6,2026-07-16
MAT-00208,PLT-IN-03,WH-07,1329.6,53.7,25.1,145.4,2026-07-16
MAT-00209,PLT-US-01,WH-01,243.8,2.9,6.9,139.1,2026-07-16
MAT-00210,PLT-US-01,WH-01,107.0,1.3,2.0,11.4,2026-07-16
MAT-00211,PLT-DE-02,WH-04,462.5,22.4,4.1,52.1,2026-07-16
MAT-00212,PLT-DE-02,WH-04,253.9,2.6,4.8,16.8,2026-07-16
MAT-00212,PLT-IN-03,WH-07,319.5,7.7,3.1,31.0,2026-07-16
MAT-00213,PLT-US-01,WH-01,298.6,8.3,5.9,24.6,2026-07-16
MAT-00213,PLT-DE-02,WH-04,341.2,2.3,7.0,17.8,2026-07-16
MAT-00214,PLT-US-01,WH-01,189.3,3.8,2.7,10.9,2026-07-16
MAT-00214,PLT-DE-02,WH-04,25.3,1.3,0.4,4.0,2026-07-16
MAT-00215,PLT-IN-03,WH-07,640.2,14.1,15.5,37.0,2026-07-16
MAT-00216,PLT-DE-02,WH-04,415.5,7.0,12.2,27.5,2026-07-16
MAT-00217,PLT-IN-03,WH-07,914.8,1.3,25.9,74.4,2026-07-16
MAT-00218,PLT-IN-03,WH-07,600.4,27.0,14.6,55.8,2026-07-16
MAT-00218,PLT-US-01,WH-01,931.6,51.0,12.2,103.1,2026-07-16
MAT-00219,PLT-IN-03,WH-07,920.2,6.3,7.2,57.6,2026-07-16
MAT-00220,PLT-US-01,WH-01,262.9,11.8,2.7,53.4,2026-07-16
MAT-00221,PLT-IN-03,WH-07,408.7,20.6,9.4,46.1,2026-07-16
MAT-00222,PLT-DE-02,WH-04,83.6,1.4,1.4,7.3,2026-07-16
MAT-00223,PLT-IN-03,WH-07,154.2,1.1,3.6,10.0,2026-07-16
MAT-00224,PLT-IN-03,WH-07,525.8,12.7,10.7,70.4,2026-07-16
MAT-00225,PLT-IN-03,WH-07,168.9,7.1,0.8,65.8,2026-07-16
MAT-00225,PLT-DE-02,WH-04,552.1,25.2,2.7,52.2,2026-07-16
MAT-00226,PLT-US-01,WH-01,501.0,28.4,7.0,38.5,2026-07-16
MAT-00227,PLT-US-01,WH-01,1382.7,5.7,23.8,67.2,2026-07-16
MAT-00228,PLT-US-01,WH-01,478.5,24.8,6.1,33.3,2026-07-16
MAT-00229,PLT-IN-03,WH-07,1399.7,66.9,25.0,154.6,2026-07-16
MAT-00230,PLT-DE-02,WH-04,1472.7,86.8,5.7,158.9,2026-07-16
MAT-00231,PLT-US-01,WH-01,127.7,0.0,0.5,15.9,2026-07-16
MAT-00232,PLT-DE-02,WH-04,927.0,7.8,17.3,108.6,2026-07-16
MAT-00233,PLT-US-01,WH-01,63.4,3.8,1.3,11.0,2026-07-16
MAT-00234,PLT-IN-03,WH-07,1379.5,18.8,31.2,205.0,2026-07-16
MAT-00235,PLT-IN-03,WH-07,897.9,1.5,8.3,110.7,2026-07-16
MAT-00235,PLT-US-01,WH-01,1270.3,31.3,13.1,50.4,2026-07-16
MAT-00236,PLT-IN-03,WH-07,176.3,2.9,3.1,19.8,2026-07-16
MAT-00236,PLT-DE-02,WH-04,188.4,5.3,1.7,16.5,2026-07-16
MAT-00237,PLT-US-01,WH-01,725.1,31.2,0.0,28.7,2026-07-16
MAT-00238,PLT-IN-03,WH-07,722.9,2.1,15.7,74.3,2026-07-16
MAT-00239,PLT-IN-03,WH-07,892.6,12.7,15.5,96.1,2026-07-16
MAT-00240,PLT-DE-02,WH-04,616.0,12.3,15.0,88.5,2026-07-16
MAT-00241,PLT-DE-02,WH-04,1280.8,38.2,14.7,62.4,2026-07-16
MAT-00242,PLT-US-01,WH-01,551.1,27.7,8.2,22.0,2026-07-16
MAT-00243,PLT-IN-03,WH-07,333.0,6.7,0.3,12.3,2026-07-16
MAT-00244,PLT-DE-02,WH-04,586.8,15.9,1.1,58.3,2026-07-16
MAT-00245,PLT-IN-03,WH-07,1035.2,39.8,21.6,65.2,2026-07-16
MAT-00246,PLT-DE-02,WH-04,1704.7,53.4,7.4,100.1,2026-07-16
MAT-00247,PLT-US-01,WH-01,358.6,15.2,0.6,42.1,2026-07-16
MAT-00248,PLT-DE-02,WH-04,842.5,8.4,19.0,100.3,2026-07-16
MAT-00249,PLT-DE-02,WH-04,959.1,34.7,7.2,81.4,2026-07-16
MAT-00250,PLT-DE-02,WH-04,757.3,1.3,14.2,73.9,2026-07-16
MAT-00251,PLT-US-01,WH-01,666.6,35.1,5.3,16.0,2026-07-16
MAT-00252,PLT-DE-02,WH-04,61.6,0.4,0.9,3.0,2026-07-16
MAT-00253,PLT-US-01,WH-01,936.6,47.4,11.6,73.7,2026-07-16
MAT-00254,PLT-IN-03,WH-07,494.9,16.9,3.9,49.2,2026-07-16
MAT-00255,PLT-US-01,WH-01,583.0,30.8,8.9,23.0,2026-07-16
MAT-00256,PLT-DE-02,WH-04,783.7,43.5,5.0,108.2,2026-07-16
MAT-00257,PLT-DE-02,WH-04,758.6,27.3,9.0,51.2,2026-07-16
MAT-00258,PLT-US-01,WH-01,469.0,26.7,3.4,27.8,2026-07-16
MAT-00259,PLT-DE-02,WH-04,183.6,10.2,2.0,28.6,2026-07-16
MAT-00260,PLT-DE-02,WH-04,1359.8,57.2,37.3,66.3,2026-07-16
MAT-00261,PLT-IN-03,WH-07,1199.2,65.5,8.2,55.3,2026-07-16
MAT-00262,PLT-IN-03,WH-07,353.4,17.0,8.5,26.9,2026-07-16
MAT-00263,PLT-DE-02,WH-04,475.6,1.8,2.9,56.8,2026-07-16
MAT-00263,PLT-IN-03,WH-07,827.0,16.5,20.4,69.8,2026-07-16
MAT-00264,PLT-US-01,WH-01,57.5,0.7,0.7,1.8,2026-07-16
MAT-00265,PLT-DE-02,WH-04,643.0,20.5,18.7,74.8,2026-07-16
MAT-00266,PLT-US-01,WH-01,662.8,37.0,1.9,64.4,2026-07-16
MAT-00267,PLT-US-01,WH-01,312.5,14.3,3.9,19.8,2026-07-16
MAT-00268,PLT-US-01,WH-01,256.2,5.9,2.6,19.3,2026-07-16
MAT-00269,PLT-US-01,WH-01,536.3,12.0,11.1,82.0,2026-07-16
MAT-00270,PLT-DE-02,WH-04,850.3,39.5,13.6,59.6,2026-07-16
MAT-00271,PLT-US-01,WH-01,828.5,30.5,24.5,57.0,2026-07-16
MAT-00272,PLT-US-01,WH-01,402.7,0.9,10.1,24.3,2026-07-16
MAT-00273,PLT-US-01,WH-01,11.1,0.3,0.3,13.1,2026-07-16
MAT-00274,PLT-IN-03,WH-07,70.7,2.5,0.1,27.7,2026-07-16
MAT-00275,PLT-DE-02,WH-04,608.5,0.5,15.9,73.5,2026-07-16
MAT-00276,PLT-US-01,WH-01,5.9,0.2,0.2,31.3,2026-07-16
MAT-00277,PLT-DE-02,WH-04,218.2,2.1,2.5,36.9,2026-07-16
MAT-00278,PLT-DE-02,WH-04,143.2,6.4,1.9,26.8,2026-07-16
MAT-00278,PLT-US-01,WH-01,107.4,2.7,2.7,5.8,2026-07-16
MAT-00279,PLT-DE-02,WH-04,531.2,5.0,15.8,34.3,2026-07-16
MAT-00280,PLT-DE-02,WH-04,303.5,9.5,2.9,30.7,2026-07-16
MAT-00281,PLT-IN-03,WH-07,610.2,31.0,2.7,18.8,2026-07-16
MAT-00282,PLT-DE-02,WH-04,1353.8,31.1,5.6,155.1,2026-07-16
MAT-00282,PLT-IN-03,WH-07,705.7,25.5,6.5,57.2,2026-07-16
MAT-00283,PLT-IN-03,WH-07,1014.9,14.7,14.6,57.8,2026-07-16
MAT-00284,PLT-DE-02,WH-04,881.7,17.8,21.9,40.1,2026-07-16
MAT-00284,PLT-IN-03,WH-07,1227.8,27.0,9.3,99.3,2026-07-16
MAT-00285,PLT-IN-03,WH-07,392.4,2.7,0.3,48.1,2026-07-16
MAT-00285,PLT-DE-02,WH-04,331.6,3.4,5.8,36.0,2026-07-16
MAT-00286,PLT-IN-03,WH-07,1306.1,43.7,20.4,48.7,2026-07-16
MAT-00287,PLT-DE-02,WH-04,1596.8,59.7,25.4,130.8,2026-07-16
MAT-00288,PLT-DE-02,WH-04,996.8,56.4,21.7,131.2,2026-07-16
MAT-00289,PLT-IN-03,WH-07,179.4,10.7,1.4,29.3,2026-07-16
MAT-00290,PLT-IN-03,WH-07,1088.4,38.1,31.7,55.4,2026-07-16
MAT-00291,PLT-US-01,WH-01,609.9,27.9,14.8,57.4,2026-07-16
MAT-00292,PLT-US-01,WH-01,307.1,13.2,6.6,82.4,2026-07-16
MAT-00293,PLT-US-01,WH-01,414.2,22.2,11.3,31.1,2026-07-16
MAT-00294,PLT-IN-03,WH-07,874.5,51.5,24.8,61.8,2026-07-16
MAT-00295,PLT-IN-03,WH-07,23.2,0.6,0.7,1.8,2026-07-16
MAT-00296,PLT-US-01,WH-01,178.4,5.4,4.1,7.4,2026-07-16
MAT-00296,PLT-IN-03,WH-07,185.9,3.4,2.0,16.8,2026-07-16
MAT-00297,PLT-US-01,WH-01,294.6,16.3,7.8,38.1,2026-07-16
MAT-00298,PLT-DE-02,WH-04,348.3,19.1,6.9,63.2,2026-07-16
MAT-00298,PLT-US-01,WH-01,402.6,19.6,4.1,46.4,2026-07-16
MAT-00299,PLT-US-01,WH-01,261.2,8.0,3.3,23.5,2026-07-16
MAT-00299,PLT-DE-02,WH-04,277.6,9.5,1.8,16.2,2026-07-16
MAT-00300,PLT-DE-02,WH-04,405.0,22.0,1.7,58.0,2026-07-16
MAT-00301,PLT-US-01,WH-01,693.2,21.7,5.3,83.4,2026-07-16
MAT-00302,PLT-US-01,WH-01,88.4,2.8,2.6,7.8,2026-07-16
MAT-00303,PLT-US-01,WH-01,512.1,14.9,13.0,69.0,2026-07-16
MAT-00304,PLT-IN-03,WH-07,797.0,45.2,21.5,87.3,2026-07-16
MAT-00305,PLT-DE-02,WH-04,1315.5,58.8,34.7,138.3,2026-07-16
MAT-00306,PLT-US-01,WH-01,415.3,7.7,5.0,43.7,2026-07-16
MAT-00307,PLT-IN-03,WH-07,588.3,14.1,16.9,40.8,2026-07-16
MAT-00307,PLT-US-01,WH-01,756.7,10.7,21.3,35.8,2026-07-16
MAT-00308,PLT-IN-03,WH-07,107.4,5.1,0.2,101.4,2026-07-16
MAT-00309,PLT-IN-03,WH-07,1328.5,57.9,14.0,139.6,2026-07-16
MAT-00310,PLT-US-01,WH-01,482.0,11.1,0.0,146.5,2026-07-16
MAT-00310,PLT-IN-03,WH-07,1078.8,38.6,13.2,33.8,2026-07-16
MAT-00311,PLT-IN-03,WH-07,854.8,6.3,1.6,35.3,2026-07-16
MAT-00311,PLT-US-01,WH-01,793.6,5.4,6.2,85.8,2026-07-16
MAT-00312,PLT-DE-02,WH-04,617.7,17.7,17.8,88.7,2026-07-16
MAT-00313,PLT-IN-03,WH-07,363.6,7.2,6.2,37.0,2026-07-16
MAT-00313,PLT-US-01,WH-01,406.8,4.7,6.1,47.7,2026-07-16
MAT-00314,PLT-US-01,WH-01,995.7,31.6,14.3,34.9,2026-07-16
MAT-00315,PLT-DE-02,WH-04,2340.9,71.5,55.0,52.2,2026-07-16
MAT-00316,PLT-DE-02,WH-04,663.2,14.6,0.4,49.7,2026-07-16
MAT-00317,PLT-US-01,WH-01,511.9,19.4,4.7,34.8,2026-07-16
MAT-00318,PLT-US-01,WH-01,1029.3,38.6,24.2,111.4,2026-07-16
MAT-00319,PLT-IN-03,WH-07,807.2,12.4,18.8,97.7,2026-07-16
MAT-00320,PLT-DE-02,WH-04,1366.4,67.0,34.1,98.0,2026-07-16
MAT-00321,PLT-US-01,WH-01,761.9,18.5,11.8,87.3,2026-07-16
MAT-00321,PLT-IN-03,WH-07,851.3,42.4,5.1,43.9,2026-07-16
MAT-00322,PLT-DE-02,WH-04,249.4,14.1,1.3,30.8,2026-07-16
MAT-00323,PLT-IN-03,WH-07,1330.0,77.8,2.0,163.3,2026-07-16
MAT-00323,PLT-DE-02,WH-04,453.4,5.2,12.6,43.0,2026-07-16
MAT-00324,PLT-DE-02,WH-04,509.6,3.2,4.9,91.7,2026-07-16
MAT-00325,PLT-US-01,WH-01,575.5,28.0,15.8,34.6,2026-07-16
MAT-00326,PLT-US-01,WH-01,809.5,37.7,13.8,36.5,2026-07-16
MAT-00326,PLT-IN-03,WH-07,585.4,24.5,13.7,52.3,2026-07-16
MAT-00327,PLT-DE-02,WH-04,213.0,9.6,4.2,10.4,2026-07-16
MAT-00328,PLT-US-01,WH-01,1019.4,51.4,21.8,108.9,2026-07-16
MAT-00329,PLT-IN-03,WH-07,103.9,2.8,1.6,24.8,2026-07-16
MAT-00330,PLT-US-01,WH-01,65.0,2.5,0.2,7.2,2026-07-16
MAT-00331,PLT-US-01,WH-01,197.8,11.5,0.8,7.4,2026-07-16
MAT-00332,PLT-US-01,WH-01,179.6,7.9,4.8,11.0,2026-07-16
MAT-00333,PLT-DE-02,WH-04,107.3,2.7,0.4,9.6,2026-07-16
MAT-00334,PLT-IN-03,WH-07,1363.9,21.9,38.6,95.9,2026-07-16
MAT-00335,PLT-DE-02,WH-04,76.1,2.7,1.6,13.8,2026-07-16
MAT-00336,PLT-US-01,WH-01,1205.7,6.1,17.0,86.3,2026-07-16
MAT-00337,PLT-DE-02,WH-04,659.0,27.0,8.8,83.6,2026-07-16
MAT-00338,PLT-US-01,WH-01,3373.1,124.5,82.7,54.9,2026-07-16
MAT-00339,PLT-IN-03,WH-07,355.5,6.0,10.3,24.1,2026-07-16
MAT-00340,PLT-US-01,WH-01,687.8,7.0,7.4,141.9,2026-07-16
MAT-00341,PLT-IN-03,WH-07,111.1,5.0,0.9,8.4,2026-07-16
MAT-00341,PLT-DE-02,WH-04,32.9,1.7,0.1,4.7,2026-07-16
MAT-00342,PLT-IN-03,WH-07,978.4,5.9,19.9,70.3,2026-07-16
MAT-00343,PLT-US-01,WH-01,1106.7,62.8,11.1,136.4,2026-07-16
MAT-00344,PLT-IN-03,WH-07,69.6,2.2,0.0,2.9,2026-07-16
MAT-00344,PLT-DE-02,WH-04,53.4,2.2,1.3,6.0,2026-07-16
MAT-00345,PLT-DE-02,WH-04,621.0,33.0,13.1,76.3,2026-07-16
MAT-00346,PLT-IN-03,WH-07,135.3,7.4,3.3,79.2,2026-07-16
MAT-00347,PLT-US-01,WH-01,739.6,1.3,16.6,26.3,2026-07-16
MAT-00348,PLT-IN-03,WH-07,1429.0,38.8,3.8,170.3,2026-07-16
MAT-00349,PLT-US-01,WH-01,620.9,19.7,13.3,63.3,2026-07-16
MAT-00350,PLT-IN-03,WH-07,65.0,2.7,0.9,5.0,2026-07-16
MAT-00351,PLT-IN-03,WH-07,82.1,4.9,0.8,9.8,2026-07-16
MAT-00352,PLT-US-01,WH-01,1054.1,27.2,19.1,119.8,2026-07-16
MAT-00353,PLT-IN-03,WH-07,1102.5,61.4,2.0,44.4,2026-07-16
MAT-00354,PLT-IN-03,WH-07,207.3,7.2,1.3,20.8,2026-07-16
MAT-00355,PLT-IN-03,WH-07,127.3,4.3,2.6,10.4,2026-07-16
MAT-00356,PLT-DE-02,WH-04,1030.7,51.0,18.8,101.1,2026-07-16
MAT-00357,PLT-IN-03,WH-07,892.2,16.4,16.2,88.4,2026-07-16
MAT-00358,PLT-DE-02,WH-04,689.1,19.6,11.0,140.3,2026-07-16
MAT-00359,PLT-IN-03,WH-07,331.9,19.5,2.0,17.5,2026-07-16
MAT-00360,PLT-DE-02,WH-04,183.0,4.8,1.9,18.2,2026-07-16
MAT-00361,PLT-US-01,WH-01,1304.5,25.7,26.6,125.4,2026-07-16
MAT-00362,PLT-DE-02,WH-04,922.1,29.8,21.1,35.3,2026-07-16
MAT-00363,PLT-IN-03,WH-07,598.3,31.8,15.4,35.1,2026-07-16
MAT-00364,PLT-DE-02,WH-04,413.9,17.0,6.1,26.5,2026-07-16
MAT-00365,PLT-US-01,WH-01,802.5,11.4,2.7,68.5,2026-07-16
MAT-00366,PLT-DE-02,WH-04,24.3,0.7,0.1,69.4,2026-07-16
MAT-00367,PLT-US-01,WH-01,14.4,0.1,0.4,1.2,2026-07-16
MAT-00367,PLT-IN-03,WH-07,53.0,1.3,0.5,3.5,2026-07-16
MAT-00368,PLT-DE-02,WH-04,308.6,10.2,7.8,33.6,2026-07-16
MAT-00369,PLT-DE-02,WH-04,267.1,5.1,2.9,143.8,2026-07-16
MAT-00370,PLT-IN-03,WH-07,1058.0,63.3,3.4,57.3,2026-07-16
MAT-00370,PLT-DE-02,WH-04,1076.1,34.5,1.9,107.7,2026-07-16
MAT-00371,PLT-US-01,WH-01,3507.2,43.8,19.2,96.7,2026-07-16
MAT-00371,PLT-IN-03,WH-07,1248.2,31.2,19.7,90.1,2026-07-16
MAT-00372,PLT-DE-02,WH-04,31.1,1.3,0.9,10.3,2026-07-16
MAT-00372,PLT-US-01,WH-01,161.1,9.6,4.3,16.6,2026-07-16
MAT-00373,PLT-DE-02,WH-04,1403.3,56.6,17.6,154.0,2026-07-16
MAT-00374,PLT-US-01,WH-01,1530.1,36.0,38.4,115.1,2026-07-16
MAT-00375,PLT-IN-03,WH-07,42.9,1.6,0.6,4.8,2026-07-16
MAT-00376,PLT-IN-03,WH-07,1336.2,64.8,25.4,157.0,2026-07-16
MAT-00377,PLT-DE-02,WH-04,918.4,9.8,24.4,113.7,2026-07-16
MAT-00378,PLT-IN-03,WH-07,1423.8,41.1,29.1,82.8,2026-07-16
MAT-00379,PLT-IN-03,WH-07,762.2,17.0,7.2,76.3,2026-07-16
MAT-00380,PLT-IN-03,WH-07,183.1,4.6,3.9,70.3,2026-07-16
MAT-00381,PLT-IN-03,WH-07,161.5,0.8,0.8,21.2,2026-07-16
MAT-00382,PLT-US-01,WH-01,1609.7,54.9,25.2,82.0,2026-07-16
MAT-00383,PLT-US-01,WH-01,501.7,17.4,3.2,42.8,2026-07-16
MAT-00383,PLT-DE-02,WH-04,10.4,0.6,0.0,43.6,2026-07-16
MAT-00384,PLT-IN-03,WH-07,1259.2,54.2,31.1,139.6,2026-07-16
MAT-00385,PLT-DE-02,WH-04,761.8,36.8,8.0,39.2,2026-07-16
MAT-00386,PLT-IN-03,WH-07,1004.0,7.8,11.0,60.0,2026-07-16
MAT-00387,PLT-US-01,WH-01,770.4,19.9,22.1,26.8,2026-07-16
MAT-00388,PLT-US-01,WH-01,747.4,35.5,7.0,63.3,2026-07-16
MAT-00389,PLT-US-01,WH-01,983.4,28.2,1.9,61.5,2026-07-16
MAT-00389,PLT-IN-03,WH-07,580.3,28.6,6.2,59.4,2026-07-16
MAT-00390,PLT-US-01,WH-01,792.2,19.2,21.4,51.5,2026-07-16
MAT-00391,PLT-DE-02,WH-04,1856.2,46.4,36.2,202.5,2026-07-16
MAT-00392,PLT-DE-02,WH-04,858.6,11.3,1.5,43.4,2026-07-16
MAT-00393,PLT-DE-02,WH-04,496.2,8.6,12.0,88.6,2026-07-16
MAT-00394,PLT-IN-03,WH-07,646.5,36.7,8.0,70.4,2026-07-16
MAT-00395,PLT-IN-03,WH-07,910.1,11.7,11.5,71.5,2026-07-16
MAT-00396,PLT-US-01,WH-01,867.4,29.7,17.2,37.1,2026-07-16
MAT-00397,PLT-IN-03,WH-07,972.3,27.1,9.7,89.1,2026-07-16
MAT-00398,PLT-DE-02,WH-04,58.9,3.1,1.0,4.5,2026-07-16
MAT-00399,PLT-US-01,WH-01,114.2,1.9,1.2,11.6,2026-07-16
MAT-00400,PLT-DE-02,WH-04,276.1,15.9,1.8,29.2,2026-07-16
MAT-00401,PLT-DE-02,WH-04,140.3,0.9,1.1,12.2,2026-07-16
MAT-00402,PLT-US-01,WH-01,1122.0,53.5,23.5,96.0,2026-07-16
MAT-00403,PLT-DE-02,WH-04,757.9,15.9,16.1,34.5,2026-07-16
MAT-00404,PLT-IN-03,WH-07,490.2,9.8,9.8,66.0,2026-07-16
MAT-00404,PLT-DE-02,WH-04,238.3,1.8,5.3,20.5,2026-07-16
MAT-00405,PLT-IN-03,WH-07,443.5,14.9,8.6,41.8,2026-07-16
MAT-00406,PLT-IN-03,WH-07,857.9,17.3,8.2,124.5,2026-07-16
MAT-00407,PLT-US-01,WH-01,165.7,7.6,1.2,22.5,2026-07-16
MAT-00408,PLT-DE-02,WH-04,840.6,43.1,8.4,87.7,2026-07-16
MAT-00409,PLT-DE-02,WH-04,965.7,35.8,8.4,58.7,2026-07-16
MAT-00410,PLT-IN-03,WH-07,725.1,19.6,8.2,76.5,2026-07-16
MAT-00411,PLT-DE-02,WH-04,559.4,33.4,0.5,40.6,2026-07-16
MAT-00412,PLT-IN-03,WH-07,80.9,2.0,1.9,12.5,2026-07-16
MAT-00413,PLT-DE-02,WH-04,1378.1,17.1,29.0,39.5,2026-07-16
MAT-00414,PLT-IN-03,WH-07,880.7,30.7,24.6,84.1,2026-07-16
MAT-00414,PLT-US-01,WH-01,0.0,0.0,0.0,44.5,2026-07-16
MAT-00415,PLT-IN-03,WH-07,419.6,1.8,10.3,58.7,2026-07-16
MAT-00416,PLT-DE-02,WH-04,1016.4,21.3,26.5,76.4,2026-07-16
MAT-00417,PLT-DE-02,WH-04,2447.6,81.7,5.6,98.0,2026-07-16
MAT-00418,PLT-IN-03,WH-07,595.4,11.0,17.6,44.5,2026-07-16
MAT-00419,PLT-DE-02,WH-04,533.4,13.3,9.3,75.6,2026-07-16
MAT-00420,PLT-DE-02,WH-04,1467.0,18.8,6.9,60.3,2026-07-16
MAT-00420,PLT-IN-03,WH-07,638.0,5.4,7.8,32.8,2026-07-16
MAT-00421,PLT-DE-02,WH-04,552.7,22.2,13.4,22.9,2026-07-16
MAT-00422,PLT-DE-02,WH-04,1314.4,6.2,24.4,112.2,2026-07-16
MAT-00423,PLT-US-01,WH-01,514.8,29.0,11.0,38.6,2026-07-16
MAT-00424,PLT-IN-03,WH-07,458.4,8.1,9.4,16.5,2026-07-16
MAT-00425,PLT-DE-02,WH-04,812.3,17.8,21.0,148.7,2026-07-16
MAT-00425,PLT-IN-03,WH-07,914.2,52.0,24.6,114.2,2026-07-16
MAT-00426,PLT-DE-02,WH-04,266.9,6.4,6.4,41.0,2026-07-16
MAT-00427,PLT-IN-03,WH-07,360.8,9.3,9.3,11.5,2026-07-16
MAT-00428,PLT-IN-03,WH-07,763.6,5.5,3.6,65.5,2026-07-16
MAT-00429,PLT-DE-02,WH-04,237.7,13.1,4.1,21.4,2026-07-16
MAT-00429,PLT-IN-03,WH-07,65.1,1.1,0.2,20.4,2026-07-16
MAT-00430,PLT-US-01,WH-01,746.1,37.7,18.0,16.5,2026-07-16
MAT-00431,PLT-IN-03,WH-07,2082.1,56.1,37.0,41.0,2026-07-16
MAT-00432,PLT-DE-02,WH-04,64.1,2.6,0.2,7.2,2026-07-16
MAT-00432,PLT-IN-03,WH-07,6.3,0.3,0.1,10.5,2026-07-16
MAT-00433,PLT-US-01,WH-01,1682.7,19.8,31.4,179.6,2026-07-16
MAT-00434,PLT-DE-02,WH-04,424.0,21.5,0.3,55.6,2026-07-16
MAT-00435,PLT-DE-02,WH-04,793.4,12.6,23.8,105.0,2026-07-16
MAT-00436,PLT-US-01,WH-01,858.5,8.3,22.9,95.2,2026-07-16
MAT-00437,PLT-US-01,WH-01,1257.1,63.3,15.4,115.0,2026-07-16
MAT-00438,PLT-IN-03,WH-07,212.8,0.4,2.4,24.8,2026-07-16
MAT-00439,PLT-US-01,WH-01,1473.8,55.8,40.1,54.7,2026-07-16
MAT-00439,PLT-IN-03,WH-07,1188.6,58.2,9.8,61.4,2026-07-16
MAT-00440,PLT-DE-02,WH-04,1976.0,46.3,25.5,131.1,2026-07-16
MAT-00441,PLT-US-01,WH-01,411.1,11.9,0.4,26.8,2026-07-16
MAT-00442,PLT-DE-02,WH-04,1467.8,41.3,24.9,148.7,2026-07-16
MAT-00443,PLT-DE-02,WH-04,954.4,18.1,8.4,80.7,2026-07-16
MAT-00444,PLT-IN-03,WH-07,1013.7,24.9,20.6,50.3,2026-07-16
MAT-00445,PLT-US-01,WH-01,314.3,1.4,3.7,18.6,2026-07-16
MAT-00446,PLT-IN-03,WH-07,1252.1,50.3,19.1,143.7,2026-07-16
MAT-00447,PLT-DE-02,WH-04,351.7,11.8,2.9,12.4,2026-07-16
MAT-00448,PLT-IN-03,WH-07,209.6,1.6,4.4,120.7,2026-07-16
MAT-00449,PLT-IN-03,WH-07,686.1,39.5,2.2,74.7,2026-07-16
MAT-00449,PLT-US-01,WH-01,439.7,18.4,8.9,60.8,2026-07-16
MAT-00450,PLT-US-01,WH-01,77.2,0.7,1.8,5.3,2026-07-16
MAT-00451,PLT-IN-03,WH-07,605.3,7.6,8.9,66.6,2026-07-16
MAT-00452,PLT-US-01,WH-01,1459.2,38.7,33.0,92.7,2026-07-16
MAT-00453,PLT-DE-02,WH-04,273.1,15.1,0.1,12.2,2026-07-16
MAT-00454,PLT-IN-03,WH-07,683.6,3.1,5.1,43.6,2026-07-16
MAT-00455,PLT-US-01,WH-01,1012.5,44.1,27.4,92.5,2026-07-16
MAT-00456,PLT-DE-02,WH-04,203.0,4.0,0.7,8.1,2026-07-16
MAT-00457,PLT-IN-03,WH-07,2081.0,40.8,14.6,182.4,2026-07-16
MAT-00457,PLT-DE-02,WH-04,1315.9,10.5,8.5,56.7,2026-07-16
MAT-00458,PLT-US-01,WH-01,683.4,25.4,19.4,81.1,2026-07-16
MAT-00458,PLT-IN-03,WH-07,455.4,4.2,9.4,20.4,2026-07-16
MAT-00459,PLT-IN-03,WH-07,183.3,8.2,3.8,15.8,2026-07-16
MAT-00460,PLT-DE-02,WH-04,1549.8,48.9,9.6,142.9,2026-07-16
MAT-00460,PLT-US-01,WH-01,1273.2,67.9,10.2,46.7,2026-07-16
MAT-00461,PLT-US-01,WH-01,1201.5,28.6,9.5,123.9,2026-07-16
MAT-00462,PLT-IN-03,WH-07,272.7,13.1,5.8,28.2,2026-07-16
MAT-00463,PLT-US-01,WH-01,852.2,13.5,7.2,117.0,2026-07-16
MAT-00464,PLT-IN-03,WH-07,327.3,2.3,0.8,28.9,2026-07-16
MAT-00465,PLT-IN-03,WH-07,260.2,11.5,7.2,25.5,2026-07-16
MAT-00465,PLT-DE-02,WH-04,266.3,14.8,5.5,50.4,2026-07-16
MAT-00466,PLT-US-01,WH-01,25.1,0.6,0.6,4.3,2026-07-16
MAT-00467,PLT-IN-03,WH-07,277.5,0.7,6.3,12.6,2026-07-16
MAT-00468,PLT-IN-03,WH-07,1448.3,71.6,14.1,180.9,2026-07-16
MAT-00469,PLT-IN-03,WH-07,76.5,0.9,0.6,13.0,2026-07-16
MAT-00470,PLT-IN-03,WH-07,61.4,1.8,0.9,3.6,2026-07-16
MAT-00471,PLT-IN-03,WH-07,1438.2,2.6,15.5,55.2,2026-07-16
MAT-00472,PLT-IN-03,WH-07,598.6,2.4,7.3,26.3,2026-07-16
MAT-00473,PLT-IN-03,WH-07,116.9,3.9,0.2,13.6,2026-07-16
MAT-00474,PLT-IN-03,WH-07,68.0,1.5,1.7,6.5,2026-07-16
MAT-00475,PLT-DE-02,WH-04,803.6,25.7,0.5,30.9,2026-07-16
MAT-00476,PLT-DE-02,WH-04,658.7,12.8,5.7,45.9,2026-07-16
MAT-00477,PLT-US-01,WH-01,48.2,2.3,1.1,6.7,2026-07-16
MAT-00478,PLT-DE-02,WH-04,0.0,0.0,0.0,18.4,2026-07-16
MAT-00478,PLT-US-01,WH-01,199.0,4.8,5.3,29.4,2026-07-16
MAT-00479,PLT-US-01,WH-01,1062.9,4.1,24.9,123.5,2026-07-16
MAT-00480,PLT-IN-03,WH-07,327.4,19.1,0.3,10.9,2026-07-16
MAT-00481,PLT-DE-02,WH-04,991.3,57.4,21.4,46.1,2026-07-16
MAT-00482,PLT-IN-03,WH-07,917.4,17.6,7.5,98.8,2026-07-16
MAT-00482,PLT-US-01,WH-01,771.1,22.8,15.1,53.9,2026-07-16
MAT-00483,PLT-IN-03,WH-07,151.9,4.9,0.9,16.2,2026-07-16
MAT-00484,PLT-IN-03,WH-07,257.9,4.8,2.4,36.2,2026-07-16
MAT-00485,PLT-IN-03,WH-07,73.3,2.8,0.7,85.2,2026-07-16
MAT-00486,PLT-IN-03,WH-07,1119.5,11.4,8.4,95.1,2026-07-16
MAT-00487,PLT-IN-03,WH-07,617.6,25.4,17.0,103.2,2026-07-16
MAT-00488,PLT-US-01,WH-01,510.1,29.7,13.5,44.0,2026-07-16
MAT-00489,PLT-DE-02,WH-04,1283.5,60.8,14.3,55.4,2026-07-16
MAT-00490,PLT-DE-02,WH-04,145.3,3.5,1.2,55.1,2026-07-16
MAT-00491,PLT-IN-03,WH-07,715.8,27.9,14.2,55.7,2026-07-16
MAT-00491,PLT-DE-02,WH-04,1848.3,8.4,36.5,166.0,2026-07-16
MAT-00492,PLT-US-01,WH-01,326.6,13.7,7.8,18.1,2026-07-16
MAT-00493,PLT-DE-02,WH-04,392.0,7.3,5.9,20.7,2026-07-16
MAT-00494,PLT-US-01,WH-01,524.8,7.5,7.6,36.2,2026-07-16
MAT-00495,PLT-DE-02,WH-04,137.2,2.1,0.6,24.5,2026-07-16
MAT-00496,PLT-US-01,WH-01,14.0,0.5,0.1,8.7,2026-07-16
MAT-00497,PLT-IN-03,WH-07,341.7,4.1,5.7,122.6,2026-07-16
MAT-00498,PLT-IN-03,WH-07,96.3,3.2,0.5,15.8,2026-07-16
MAT-00499,PLT-US-01,WH-01,1375.2,58.2,9.8,87.7,2026-07-16
MAT-00500,PLT-DE-02,WH-04,155.4,2.4,3.3,51.9,2026-07-16
